<?xml version="1.0" encoding="UTF-8"?>
<window>
	<defaultcontrol>9000</defaultcontrol>
	<include>Animation_DialogPopupOpenClose</include>
	<controls>
		<control type="group">
			<centerleft>50%</centerleft>
			<width>600</width>
			<centertop>50%</centertop>
			<height>700</height>
			<include content="DialogBackgroundCommons">
				<param name="width" value="600" />
				<param name="height" value="485" />
				<param name="header_label" value="$LOCALIZE[31072]" />
				<param name="header_id" value="2" />
				<param name="diffusetexture" value="masks/dialog-bg-squareish.png" />
			</include>
			<control type="panel" id="9000">
				<include>ButtonMenuList</include>
				<content>
					<!-- KODI-RD-IL CHANGES -->
					<item>
						<!-- CoreELEC only - Reboot to Android TV -->
						<label>[B][COLOR blue]$LOCALIZE[700069][/COLOR][/B]</label>
						<onclick>System.ExecWait("/usr/sbin/rebootfromnand")</onclick>
						<onclick>Reset()</onclick>
						<visible>System.PathExist("/usr/sbin/rebootfromnand")</visible>
					</item>
					<item>
						<label>[B][COLOR blue]$LOCALIZE[13012][/COLOR][/B]</label>
						<!-- Original - <onclick>Quit()</onclick> -->
						<!-- Force Close Kodi Script:  -->
						<onclick>RunScript(&quot;plugin.close.kodi&quot;)</onclick>
						<visible>System.ShowExitButton</visible>
					</item>
					<item>
						<!-- Open Twilight Settings  -->
						<label>[B][COLOR blue]$LOCALIZE[700050][/COLOR][/B]</label>
						<onclick>Addon.OpenSettings(plugin.video.twilight)</onclick>
					</item>
					<item>
						<!-- Open DarkSubs Settings  -->
						<label>[B][COLOR blue]$LOCALIZE[700051][/COLOR][/B]</label>
						<onclick>Addon.OpenSettings(service.subtitles.All_Subs)</onclick>
					</item>
					<item>
						<!-- Clear Twilight Cache  -->
						<label>[B][COLOR blue]$LOCALIZE[700052][/COLOR][/B]</label>
						<onclick>PlayMedia(&quot;plugin://plugin.video.twilight/?mode=clear_all_cache&amp;isFolder=false&amp;iconImage=https%3A%2F%2Fi.imgur.com%2FRDNxy36.png&quot;)</onclick>
					</item>
					<item>
						<!-- Clear DarkSubs Cache  -->
						<label>[B][COLOR blue]$LOCALIZE[700053][/COLOR][/B]</label>
						<onclick>RunScript(special://home/addons/service.subtitles.All_Subs/resources/modules/clean_cache_functions.py, clean_all_cache)</onclick>
					</item>
					<item>
						<!-- Build Switch Skin  -->
						<label>[B][COLOR blue]$LOCALIZE[700058][/COLOR][/B]</label>
						<onclick>Dialog.Close(all)</onclick>
						<onclick>PlayMedia(&quot;plugin://plugin.program.kodirealdebridisraelwizard/?mode=install&amp;action=build_switch_skin&quot;)</onclick>
					</item>
					<item>
						<!-- KODI ANDORID/WINDOWS Update Check -->
						<label>[B][COLOR blue]$LOCALIZE[700063][/COLOR][/B]</label>
						<onclick>Dialog.Close(all)</onclick>
						<onclick>PlayMedia(&quot;plugin://plugin.program.kodirealdebridisraelwizard/?mode=install&amp;action=kodi_version_update_check&amp;kodi_version_update_check_manual=true&quot;)</onclick>
						<!-- Android/Windows only -->
						<visible>System.Platform.Android | System.Platform.Windows</visible>
					</item>
					<item>
						<!-- Skin settings -->
						<label>[B][COLOR blue]$LOCALIZE[700018][/COLOR][/B]</label>
						<onclick>Dialog.Close(all)</onclick>
						<onclick>ActivateWindow(SkinSettings.xml)</onclick>
					</item>
					<item>
						<!-- Reload skin -->
						<label>[B][COLOR blue]$LOCALIZE[700017][/COLOR][/B]</label>
						<onclick>Dialog.Close(all)</onclick>
						<onclick>ReloadSkin()</onclick>
					</item>
					<!-- ##################### -->
				</content>
			</control>
		<include content="UpDownArrows">
			<param name="container_id" value="9000" />
			<param name="posx" value="276" />
			<param name="up_posy" value="-40" />
			<param name="down_posy" value="500" />
			</include>
		</control>
	</controls>
</window>
