<?xml version="1.0" encoding="UTF-8"?>
<includes>

	<include name="View_50_List">
		<control type="group">
			<include>OpenClose_Right</include>
			<left>596</left>
			<visible>Control.IsVisible(50)</visible>
			<include>Visible_Right</include>
			<include content="ListContainer">
				<param name="list_id" value="50" />
				<param name="right" value="594" />
				<param name="viewtype_label" value="$LOCALIZE[535]" />
			</include>
			<control type="group">
				<depth>DepthContentPanel</depth>
				<control type="group">
					<right>-20</right>
					<width>634</width>
					<!-- right content panel -->
					<include content="RightListPanel">
						<param name="list_id" value="50" />
					</include>
					<control type="scrollbar" id="50600">
						<left>35</left>
						<top>210</top>
						<width>12</width>
						<bottom>200</bottom>
						<onleft>50</onleft>
						<onright>50</onright>
						<orientation>vertical</orientation>
						<animation effect="zoom" end="50,100" time="300" tween="sine" center="35,0" easing="inout" condition="!Control.HasFocus(50600)">conditional</animation>
					</control>
				</control>
			</control>
		</control>
	</include>

	<include name="RightListPanel">
		<control type="group">
			<depth>DepthContentPanel</depth>
			<control type="group">
				<right>-32</right>
				<!-- right content panel -->
				<include content="ContentPanel">
					<param name="left" value="-150" />
					<param name="top" value="-20" />
					<param name="width" value="806" />
					<param name="flipx" value="true" />
				</include>
				<control type="group">
					<visible>!Container.Content(songs)</visible>
					<control type="image">
						<depth>DepthContentPopout</depth>
						<left>48</left>
						<top>160</top>
						<width>540</width>
						<height>850</height>
						<bottom>124</bottom>
						<fadetime>200</fadetime>
						<aspectratio aligny="top">keep</aspectratio>
						<texture diffuse="masks/poster-50.png" fallback="DefaultVideo.png" background="true">$VAR[InfoWallThumbVar]</texture>
					</control>
					<control type="group">
						<left>540</left>
						<top>143</top>
						<include content="RatingCircle">
							<param name="animation" value="True" />
							<param name="left">-72</param>
							<param name="top">17</param>
							<param name="width">119</param>
							<param name="height">119</param>
							<param name="label-left">-16</param>
							<param name="label-top">38</param>
							<param name="cornerdiffuse">overlays/overlaybg4.png</param>
						</include>
					</control>
					<include content="ProgressBar">
						<!-- 48 -->
						<param name="left" value="100"/>
						<param name="top" value="120"/>
						<param name="width" value="435"/>
					</include>
				</control>
				<control type="group">
					<visible>Control.IsVisible(503) + Window.IsActive(musicplaylist)</visible>
					<control type="image">
						<left>58</left>
						<top>110</top>
						<width>540</width>
						<height>470</height>
						<aspectratio aligny="bottom">keep</aspectratio>
						<fadetime>300</fadetime>
						<texture fallback="DefaultAudio.png" background="true">$INFO[Player.Icon]</texture>
					</control>
					<control type="group">
						<left>301</left>
						<top>560</top>
						<control type="group">
							<animation effect="fade" time="0" condition="$PARAM[animation]">VisibleChange</animation>
							<include content="UserRatingContent" condition="Skin.HasSetting(circle_userrating)">
								<param name="infolabel" value="MusicPlayer.UserRating" />
							</include>
							<include content="UserRatingContent" condition="Skin.HasSetting(circle_rating)">
								<param name="infolabel" value="MusicPlayer.Rating" />
							</include>
						</control>
					</control>
					<control type="textbox" id="15599">
						<visible>Player.HasAudio + Window.IsActive(musicplaylist)</visible>
						<left>58</left>
						<top>600</top>
						<width>540</width>
						<bottom>70</bottom>
						<autoscroll time="3000" delay="7000" repeat="5000">!System.HasModalDialog + Skin.HasSetting(AutoScroll)</autoscroll>
						<label>[COLOR button_focus][B]$LOCALIZE[31000]: [/COLOR]$INFO[musicplayer.Playlistposition,]$INFO[musicplayer.Playlistlength,/][/B][CR]$VAR[NowPlayingInfoVar]</label>
					</control>
					<control type="textbox" id="15599">
						<visible>!Player.HasAudio + Window.IsActive(musicplaylist)</visible>
						<left>58</left>
						<top>640</top>
						<width>540</width>
						<bottom>70</bottom>
						<autoscroll time="3000" delay="7000" repeat="5000">!System.HasModalDialog + Skin.HasSetting(AutoScroll)</autoscroll>
						<label>[COLOR button_focus][B]$LOCALIZE[31000]: [/COLOR]$LOCALIZE[36623][/B]</label>
					</control>
				</control>
			</control>
		</control>
	</include>

	<include name="ListContainer">
		<param name="left">0</param>
		<param name="right">0</param>
		<definition>
			<control type="fixedlist" id="$PARAM[list_id]">
				<left>$PARAM[left]</left>
				<right>$PARAM[right]</right>
				<top>list_top_offset</top>
				<bottom>list_bottom_offset</bottom>
				<movement>7</movement>
				<focusposition>6</focusposition>
				<scrolltime tween="cubic" easing="out">500</scrolltime>
				<orientation>vertical</orientation>
				<pagecontrol>$PARAM[list_id]600</pagecontrol>
				<onleft>9000</onleft>
				<onright>$PARAM[list_id]600</onright>
				<onup>$PARAM[list_id]</onup>
				<ondown>$PARAM[list_id]</ondown>
				<viewtype label="$PARAM[viewtype_label]">list</viewtype>
				<visible>Container.Content(movies) | Container.Content(sets) | Container.Content(tvshows) | Container.Content(seasons) | Container.Content(games) | Window.IsActive(videoplaylist) | Window.IsActive(musicplaylist)</visible>
				<focusedlayout height="85">
					<control type="label">
						<left>70</left>
						<right>20</right>
						<top>0</top>
						<bottom>0</bottom>
						<aligny>center</aligny>
						<scroll>true</scroll>
						<!-- KODI-RD-IL CHANGES -->
						<scrollspeed>20</scrollspeed>
						<font>font52_title</font>
						<label>$VAR[ListLabelVar]</label>
						<shadowcolor>text_shadow</shadowcolor>
					</control>
					<control type="label">
						<top>0</top>
						<bottom>0</bottom>
						<left>100</left>
						<right>20</right>
						<align>right</align>
						<aligny>center</aligny>
						<font>font32</font>
						<label>[B]$INFO[ListItem.Property(WatchedEpisodes)]$INFO[ListItem.Property(TotalEpisodes), / ,][/B]</label>
						<animation effect="fade" start="70" end="100" time="300" reversible="false">Focus</animation>
						<shadowcolor>text_shadow</shadowcolor>
					</control>
					<control type="image">
						<left>15</left>
						<centertop>50%</centertop>
						<width>37</width>
						<height>37</height>
						<texture>$VAR[ListWatchedIconVar]</texture>
						<animation effect="fade" start="30" end="100" time="300" reversible="false">Focus</animation>
					</control>
					<control type="image">
						<left>15</left>
						<centertop>50%</centertop>
						<width>37</width>
						<height>37</height>
						<texture colordiffuse="button_focus">$VAR[ListWatchedIconVar]</texture>
						<animation effect="fade" start="0" end="100" time="300" reversible="false">Focus</animation>
						<animation effect="fade" time="150">VisibleChange</animation>
						<visible>!Control.HasFocus($PARAM[list_id])</visible>
					</control>
				</focusedlayout>
				<itemlayout height="list_item_height">
					<control type="label">
						<left>70</left>
						<right>20</right>
						<top>0</top>
						<bottom>0</bottom>
						<aligny>center</aligny>
						<font>font32</font>
						<textcolor>unfocused_text</textcolor>
						<label>$VAR[ListLabelVar]</label>
						<shadowcolor>text_shadow</shadowcolor>
					</control>
					<control type="label">
						<left>20</left>
						<right>20</right>
						<top>0</top>
						<bottom>0</bottom>
						<align>right</align>
						<aligny>center</aligny>
						<font>font27</font>
						<textcolor>unfocused_text</textcolor>
						<label>$INFO[ListItem.Property(WatchedEpisodes)]$INFO[ListItem.Property(TotalEpisodes), / ,]</label>
						<shadowcolor>text_shadow</shadowcolor>
					</control>
					<control type="image">
						<left>15</left>
						<centertop>50%</centertop>
						<width>37</width>
						<height>37</height>
						<texture colordiffuse="grey">$VAR[ListWatchedIconVar]</texture>
					</control>
				</itemlayout>
			</control>
		</definition>
	</include>

	<include name="ListThumbInfoPanel">
		<param name="fallback_image"></param>
		<param name="flip_bg">false</param>
		<definition>
			<control type="group">
				<depth>DepthContentPanel</depth>
				<include content="ContentPanel">
					<param name="width" value="1106" />
					<param name="flipx" value="$PARAM[flip_bg]" />
				</include>
				<control type="grouplist">
					<left>30</left>
					<width>540</width>
					<top>105</top>
					<orientation>vertical</orientation>
					<itemgap>13</itemgap>
					<visible>!String.IsEmpty(Skin.String(mdblist_api_key))</visible>
					<control type="textbox">
						<aligny>center</aligny>
						<height>110</height>
						<font>font36_title</font>
						<label>$INFO[ListItem.Label]</label>
						
						<!-- KODI-RD-IL ADDITION -->
						<textcolor>yellow</textcolor>
						<align>right</align>
						<!-- ##################### -->
						
						<visible>[String.IsEqual(ListItem.DbType,movie) | String.IsEqual(ListItem.DbType,tvshow) | String.IsEqual(ListItem.DbType,season)] + !String.IsEqual(ListItem.DBType,song) + !Container.Content(addons) + String.IsEmpty(ListItem.Art(clearlogo))</visible>
					</control>
					<control type="image">
						<width>540</width>
						<height>320</height>
						<aspectratio aligny="top">keep</aspectratio>
						<fadetime>300</fadetime>
						<texture diffuse="masks/landscape.png" fallback="$PARAM[fallback_image]" background="true">$VAR[IconWallThumbVar]</texture>
						<visible>!String.IsEqual(ListItem.DbType,episode) + !String.IsEqual(ListItem.DBType,song) + !Container.Content(addons) + Skin.HasSetting(UseLandscape) + !String.IsEmpty(ListItem.Art(clearlogo))</visible>
					</control>
					<!-- <control type="image">
						<width>540</width>
						<height>320</height>
						<aspectratio aligny="top">keep</aspectratio>
						<fadetime>300</fadetime>
						<texture diffuse="masks/addons.png" fallback="$PARAM[fallback_image]" background="true">$VAR[IconWallThumbVar]</texture>
						<visible>!Skin.HasSetting(UseLandscape) + ![String.IsEqual(ListItem.DbType,movie) | String.IsEqual(ListItem.DbType,tvshow) | String.IsEqual(ListItem.DbType,season) | String.IsEqual(ListItem.DbType,episode)] + !String.IsEmpty(ListItem.Art(clearlogo))</visible>
					</control> -->
					<control type="image">
						<left>30</left>
						<top>110</top>
						<width>540</width>
						<height>470</height>
						<aspectratio aligny="top">keep</aspectratio>
						<fadetime>300</fadetime>
						<texture diffuse="masks/landscape.png" fallback="$PARAM[fallback_image]" background="true">$VAR[IconWallThumbVar]</texture>
						<visible>!Skin.HasSetting(UseLandscape) + ![String.IsEqual(ListItem.DbType,movie) | String.IsEqual(ListItem.DbType,tvshow) | String.IsEqual(ListItem.DbType,season) | String.IsEqual(ListItem.DbType,episode)]</visible>
					</control>
					<control type="image">
						<width>515</width>
						<height>200</height>
						<texture background="true">$VAR[ClearlogoVar]</texture>
						<aspectratio align="center">keep</aspectratio>
						<visible>[String.IsEqual(ListItem.DbType,movie) | String.IsEqual(ListItem.DbType,tvshow) | String.IsEqual(ListItem.DbType,season)] + !String.IsEqual(ListItem.DBType,song) + !Container.Content(addons) + !Skin.HasSetting(UseLandscape) + !String.IsEmpty(ListItem.Art(clearlogo))</visible>
					</control>
					<control type="image">
						<width>540</width>
						<height>303</height>
						<!-- <aspectratio aligny="top">scale</aspectratio> -->
						<fadetime>300</fadetime>
						<texture diffuse="masks/landscape.png">$INFO[ListItem.Icon]</texture>
						<visible>String.IsEqual(ListItem.DbType,episode)</visible>
					</control>
					<control type="textbox">
						<height>auto</height>
						<font>font36_title</font>
						<!-- KODI-RD-IL CHANGES -->
						<label>$LOCALIZE[700015] $INFO[ListItem.Season], $LOCALIZE[700016] $INFO[ListItem.Episode]</label>
						<!-- ##################### -->
						
						<!-- KODI-RD-IL ADDITION -->
						<align>right</align>
						<!-- ##################### -->
						
						<textcolor>unfocused_text</textcolor>
						<visible>String.IsEqual(ListItem.DbType,episode)</visible>
					</control>
					<control type="textbox">
						<height>auto</height>
						<label>$VAR[InfoPanelTop]</label>
						
						<!-- KODI-RD-IL ADDITION -->
						<align>right</align>
						<!-- ##################### -->
						
						<textcolor>unfocused_text</textcolor>
					</control>
					<control type="grouplist">
						<height>90</height>
						<orientation>horizontal</orientation>
						<itemgap>25</itemgap>
						<aligny>center</aligny>
						<visible>[String.IsEqual(ListItem.DBtype,movie) | String.IsEqual(ListItem.DBtype,tvshow) | String.IsEqual(ListItem.DBtype,season) | String.IsEqual(ListItem.DBtype,episode)] + !String.IsEmpty(ListItem.Genre)</visible>
						
						<!-- KODI-RD-IL ADDITION -->
						<align>right</align>
						<!-- ##################### -->
						
						<control type="grouplist">
							<width>60</width>
							<orientation>vertical</orientation>
							<itemgap>5</itemgap>
							<align>center</align>
							<visible>![String.IsEmpty(Window.Property(fentastic.metascore)) | Skin.HasSetting(Disable.MetacriticRating)]</visible>
							<control type="image">
								<width>60</width>
								<height>36</height>
								<aspectratio>keep</aspectratio>
								<align>center</align>
								<aligny>center</aligny>
								<texture>$INFO[Window.Property(fentastic.metascoreImage)]</texture>
							</control>
							<control type="label">
								<width max="60">auto</width>
								<height>42</height>
								<align>center</align>
								<aligny>center</aligny>
								<label>$INFO[Window.Property(fentastic.metascore)]</label>
								<textcolor>unfocused_text</textcolor>
							</control>
						</control>
						<control type="grouplist">
							<width>60</width>
							<orientation>vertical</orientation>
							<itemgap>5</itemgap>
							<align>center</align>
							<visible>![String.IsEmpty(Window.Property(fentastic.tomatoMeter)) | Skin.HasSetting(Disable.RTCRating)]</visible>
							<control type="image">
								<width>60</width>
								<height>36</height>
								<aspectratio>keep</aspectratio>
								<align>center</align>
								<aligny>center</aligny>
								<texture>$INFO[Window.Property(fentastic.tomatoImage)]</texture>
							</control>
							<control type="label">
								<width max="60">auto</width>
								<height>42</height>
								<align>center</align>
								<aligny>center</aligny>
								<label>$INFO[Window.Property(fentastic.tomatoMeter)]</label>
								<textcolor>unfocused_text</textcolor>
							</control>
						</control>
						<control type="grouplist">
							<width>60</width>
							<orientation>vertical</orientation>
							<itemgap>5</itemgap>
							<align>center</align>
							<visible>![String.IsEmpty(Window.Property(fentastic.tomatoUserMeter)) | Skin.HasSetting(Disable.RTARating)]</visible>
							<control type="image">
								<width>60</width>
								<height>36</height>
								<aspectratio>keep</aspectratio>
								<align>center</align>
								<aligny>center</aligny>
								<texture>$INFO[Window.Property(fentastic.tomatoUserImage)]</texture>
							</control>
							<control type="label">
								<width max="60">auto</width>
								<height>42</height>
								<align>center</align>
								<aligny>center</aligny>
								<label>$INFO[Window.Property(fentastic.tomatoUserMeter)]</label>
								<textcolor>unfocused_text</textcolor>
							</control>
						</control>
						<control type="grouplist">
							<width>60</width>
							<orientation>vertical</orientation>
							<itemgap>5</itemgap>
							<align>center</align>
							<visible>![String.IsEmpty(Window.Property(fentastic.imdbRating)) | Skin.HasSetting(Disable.IMDbRating)]</visible>
							<control type="image">
								<width>60</width>
								<height>36</height>
								<aspectratio>keep</aspectratio>
								<align>center</align>
								<aligny>center</aligny>
								<texture>$INFO[Window.Property(fentastic.imdbImage)]</texture>
							</control>
							<control type="label">
								<width max="60">auto</width>
								<height>42</height>
								<align>center</align>
								<aligny>center</aligny>
								<label>$INFO[Window.Property(fentastic.imdbRating)]</label>
								<textcolor>unfocused_text</textcolor>
							</control>
						</control>
						<control type="grouplist">
							<width>77</width>
							<orientation>vertical</orientation>
							<itemgap>5</itemgap>
							<align>center</align>
							<visible>![String.IsEmpty(Window.Property(fentastic.popularRating)) | Skin.HasSetting(Disable.IMDbPopularRating)]</visible>
							<control type="image">
								<width>87</width>
								<height>36</height>
								<aspectratio>keep</aspectratio>
								<align>center</align>
								<aligny>center</aligny>
								<texture>$INFO[Window.Property(fentastic.popularImage)]</texture>
							</control>
							<control type="label">
								<width max="87">auto</width>
								<height>42</height>
								<align>center</align>
								<aligny>center</aligny>
								<label>$INFO[Window.Property(fentastic.popularRating)]</label>
								<textcolor>unfocused_text</textcolor>
							</control>
						</control>
						<control type="grouplist">
							<width>65</width>
							<orientation>vertical</orientation>
							<itemgap>8</itemgap>
							<align>center</align>
							<visible>![String.IsEmpty(Window.Property(fentastic.tmdbRating)) | Skin.HasSetting(Disable.TMDbRating)]</visible>
							<control type="image">
								<width>65</width>
								<height>33</height>
								<aspectratio>keep</aspectratio>
								<align>center</align>
								<aligny>center</aligny>
								<texture>$INFO[Window.Property(fentastic.tmdbImage)]</texture>
							</control>
							<control type="label">
								<width max="65">auto</width>
								<height>42</height>
								<align>center</align>
								<aligny>center</aligny>
								<label>$INFO[Window.Property(fentastic.tmdbRating)]</label>
								<textcolor>unfocused_text</textcolor>
							</control>
						</control>
					</control>
					<!-- INFOPANEL PLOT -->
					<!-- LANDSCAPE -->
					<control type="textbox">
						<height max="295">auto</height>
						<bottom>70</bottom>
						<label>$VAR[InfoPanelBottom]</label>
						
						<!-- KODI-RD-IL ADDITION -->
						<align>right</align>
						<!-- ##################### -->
						
						<textcolor>unfocused_text</textcolor>
						<autoscroll delay="7000" time="2000" repeat="7000">Skin.HasSetting(autoscroll)</autoscroll>
						<visible>!Skin.HasSetting(Enable.AlternateInfo) + Skin.HasSetting(UseLandscape) + [Container.Content(movies) | Container.Content(tvshows) | Container.Content(seasons) | Container.Content(episodes)]</visible>
					</control>
					<!-- CLEARLOGO -->
					<control type="textbox">
						<height max="415">auto</height>
						<bottom>70</bottom>
						<label>$VAR[InfoPanelBottom]</label>
						
						<!-- KODI-RD-IL ADDITION -->
						<align>right</align>
						<!-- ##################### -->
						
						<textcolor>unfocused_text</textcolor>
						<autoscroll delay="7000" time="2000" repeat="7000">Skin.HasSetting(autoscroll)</autoscroll>
						<visible>!Skin.HasSetting(Enable.AlternateInfo) + !Skin.HasSetting(UseLandscape) + [Container.Content(movies) | Container.Content(tvshows) | Container.Content(seasons)]</visible>
					</control>
					<control type="textbox">
						<height max="335">auto</height>
						<bottom>70</bottom>
						<label>$VAR[InfoPanelBottom]</label>
						
						<!-- KODI-RD-IL ADDITION -->
						<align>right</align>
						<!-- ##################### -->
						
						<textcolor>unfocused_text</textcolor>
						<autoscroll delay="7000" time="2000" repeat="7000">Skin.HasSetting(autoscroll)</autoscroll>
						<visible>!Skin.HasSetting(Enable.AlternateInfo) + !Skin.HasSetting(UseLandscape) + Container.Content(episodes)</visible>
					</control>
					<!-- ALTERNATE INFOPANEL PLOT -->
					<!-- LANDSCAPE -->
					<control type="textbox">
						<height max="170">auto</height>
						<bottom>70</bottom>
						<label>$VAR[InfoPanelBottom]</label>
						
						<!-- KODI-RD-IL ADDITION -->
						<align>right</align>
						<!-- ##################### -->
						
						<textcolor>unfocused_text</textcolor>
						<autoscroll delay="5000" time="2000" repeat="5000">Skin.HasSetting(autoscroll)</autoscroll>
						<visible>Skin.HasSetting(Enable.AlternateInfo) + Skin.HasSetting(UseLandscape) + [Container.Content(movies) | Container.Content(seasons)]</visible>
					</control>
					<control type="textbox">
						<height max="90">auto</height>
						<bottom>70</bottom>
						<label>$VAR[InfoPanelBottom]</label>
						
						<!-- KODI-RD-IL ADDITION -->
						<align>right</align>
						<!-- ##################### -->
						
						<textcolor>unfocused_text</textcolor>
						<autoscroll delay="5000" time="2000" repeat="5000">Skin.HasSetting(autoscroll)</autoscroll>
						<visible>Skin.HasSetting(Enable.AlternateInfo) + Skin.HasSetting(UseLandscape) + Container.Content(tvshows)</visible>
					</control>
					<control type="textbox">
						<height max="210">auto</height>
						<bottom>70</bottom>
						<label>$VAR[InfoPanelBottom]</label>
						
						<!-- KODI-RD-IL ADDITION -->
						<align>right</align>
						<!-- ##################### -->
						
						<textcolor>unfocused_text</textcolor>
						<autoscroll delay="5000" time="2000" repeat="5000">Skin.HasSetting(autoscroll)</autoscroll>
						<visible>Skin.HasSetting(Enable.AlternateInfo) + Skin.HasSetting(UseLandscape) + Container.Content(episodes)</visible>
					</control>
					<!-- CLEARLOGO -->
					<control type="textbox">
						<height max="290">auto</height>
						<bottom>70</bottom>
						<label>$VAR[InfoPanelBottom]</label>
						<textcolor>unfocused_text</textcolor>
						<autoscroll delay="5000" time="2000" repeat="5000">Skin.HasSetting(autoscroll)</autoscroll>
						<visible>Skin.HasSetting(Enable.AlternateInfo) + !Skin.HasSetting(UseLandscape) + [Container.Content(movies) | Container.Content(seasons)]</visible>
					</control>
					<control type="textbox">
						<height max="210">auto</height>
						<bottom>70</bottom>
						<label>$VAR[InfoPanelBottom]</label>
						
						<!-- KODI-RD-IL ADDITION -->
						<align>right</align>
						<!-- ##################### -->
						
						<textcolor>unfocused_text</textcolor>
						<autoscroll delay="5000" time="2000" repeat="5000">Skin.HasSetting(autoscroll)</autoscroll>
						<visible>Skin.HasSetting(Enable.AlternateInfo) + !Skin.HasSetting(UseLandscape) + [Container.Content(tvshows) | Container.Content(episodes)]</visible>
					</control>
				</control>
				<!-- image control -->
				<control type="group">
					<visible>String.IsEmpty(Skin.String(mdblist_api_key))</visible>
					<control type="image">
						<left>30</left>
						<top>110</top>
						<width>540</width>
						<height>470</height>
						<aspectratio aligny="top">keep</aspectratio>
						<fadetime>300</fadetime>
						<texture diffuse="masks/landscape.png" fallback="$PARAM[fallback_image]" background="true">$VAR[IconWallThumbVar]</texture>
						<visible>!String.IsEqual(ListItem.DbType,episode) + !String.IsEqual(ListItem.DBType,song) + !Container.Content(addons) + Skin.HasSetting(UseLandscape)</visible>
					</control>
					<control type="image">
						<left>30</left>
						<top>110</top>
						<width>540</width>
						<height>470</height>
						<aspectratio aligny="top">keep</aspectratio>
						<fadetime>300</fadetime>
						<texture diffuse="masks/addons.png" fallback="$PARAM[fallback_image]" background="true">$VAR[IconWallThumbVar]</texture>
						<visible>!Skin.HasSetting(UseLandscape) + ![String.IsEqual(ListItem.DbType,movie) | String.IsEqual(ListItem.DbType,tvshow) | String.IsEqual(ListItem.DbType,season) | String.IsEqual(ListItem.DbType,episode)]</visible>
					</control>
					<control type="image">
						<left>30</left>
						<top>120</top>
						<width>515</width>
						<height>200</height>
						<texture background="true">$VAR[ClearlogoVar]</texture>
						<aspectratio align="center">keep</aspectratio>
						<visible>[String.IsEqual(ListItem.DbType,movie) | String.IsEqual(ListItem.DbType,tvshow) | String.IsEqual(ListItem.DbType,season)] + !String.IsEqual(ListItem.DBType,song) + !Container.Content(addons) + !Skin.HasSetting(UseLandscape)</visible>
					</control>
					<control type="textbox">
						<top>155</top>
						<left>30</left>
						<width>550</width>
						<aligny>center</aligny>
						<height>110</height>
						<font>font36_title</font>
						<label>$INFO[ListItem.Label]</label>
						
						<!-- KODI-RD-IL ADDITION -->
						<textcolor>yellow</textcolor>
						<align>right</align>
						<!-- ##################### -->
						
						<visible>[String.IsEqual(ListItem.DbType,movie) | String.IsEqual(ListItem.DbType,tvshow) | String.IsEqual(ListItem.DbType,season)] + !String.IsEqual(ListItem.DBType,song) + !Container.Content(addons) + !Skin.HasSetting(UseLandscape) + String.IsEmpty(ListItem.Art(clearlogo))</visible>
					</control>
				</control>
				<control type="image">
					<left>30</left>
					<top>110</top>
					<width>540</width>
					<height>470</height>
					<aspectratio aligny="top">keep</aspectratio>
					<fadetime>300</fadetime>
					<texture diffuse="masks/addons.png" fallback="$PARAM[fallback_image]" background="true">$VAR[IconWallThumbVar]</texture>
					<visible>Container.Content(addons)</visible>
				</control>
				<control type="image">
					<left>30</left>
					<top>105</top>
					<width>540</width>
					<height>303</height>
					<!-- <aspectratio aligny="top">scale</aspectratio> -->
					<fadetime>300</fadetime>
					<texture diffuse="masks/landscape.png">$INFO[ListItem.Icon]</texture>
					<visible>String.IsEmpty(Skin.String(mdblist_api_key)) + String.IsEqual(ListItem.DbType,episode)</visible>
				</control>
				<control type="image">
					<left>30</left>
					<top>110</top>
					<width>540</width>
					<height>470</height>
					<aspectratio aligny="bottom">keep</aspectratio>
					<fadetime>300</fadetime>
					<texture diffuse="masks/addons.png" fallback="DefaultAudio.png" background="true">$VAR[IconWallThumbVar]</texture>
					<visible>String.IsEqual(ListItem.DBType,song)</visible>
				</control>
				<control type="image">
					<left>30</left>
					<top>140</top>
					<width>540</width>
					<height>270</height>
					<texture>overlays/overlayfade.png</texture>
					<visible>!ListItem.IsParentFolder</visible>
					<visible>String.IsEqual(ListItem.DbType,episode) + !String.IsEmpty(ListItem.Art(clearlogo))</visible>
				</control>
				<control type="image">
					<left>50</left>
					<top>323</top>
					<width>181</width>
					<height>70</height>
					<texture>$INFO[ListItem.Art(clearlogo)]</texture>
					<aspectratio align="center" aligny="top">keep</aspectratio>
					<visible>String.IsEqual(ListItem.DbType,episode)</visible>
				</control>
				<include condition="Skin.HasSetting(UseLandscape)" content="ProgressBar">
					<!-- 30 -->
					<param name="left" value="65"/>
					<param name="top" value="385"/>
					<param name="width" value="460"/>
				</include>
				<control type="group">
					<visible>!Container.Content() | !String.isempty(ListItem.Plot)</visible>
					<left>30</left>
					<!-- Plot control -->
					<control type="group">
						<visible>String.IsEmpty(Skin.String(mdblist_api_key))</visible>
						<control type="textbox">
							<top>460</top>
							<width>540</width>
							<bottom>80</bottom>
							<label>$VAR[InfoPanel]</label>
						
							<!-- KODI-RD-IL ADDITION -->
							<align>right</align>
							<!-- ##################### -->
							
							<textcolor>unfocused_text</textcolor>
							<autoscroll time="3000" delay="10000" repeat="10000">!System.HasModalDialog + Skin.HasSetting(AutoScroll)</autoscroll>
							<visible>Skin.HasSetting(UseLandscape)</visible>
						</control>
						<control type="textbox">
							<top>346</top>
							<width>525</width>
							<bottom>115</bottom>
							<label>$VAR[InfoPanel]</label>
						
							<!-- KODI-RD-IL ADDITION -->
							<align>right</align>
							<!-- ##################### -->
							
							<textcolor>unfocused_text</textcolor>
							<autoscroll delay="10000" time="3000" repeat="10000">Skin.HasSetting(autoscroll)</autoscroll>
							<visible>!Skin.HasSetting(UseLandscape)</visible>
						</control>
					</control>
					<control type="textbox" id="15500">
						<top>600</top>
						<width>540</width>
						<bottom>70</bottom>
						<autoscroll time="3000" delay="7000" repeat="5000">!System.HasModalDialog + Skin.HasSetting(AutoScroll)</autoscroll>
						<label>$VAR[ListBoxInfoVar]</label>
						<textcolor>unfocused_text</textcolor>
						<visible>!String.IsEqual(ListItem.DbType,movie) + !String.IsEqual(ListItem.DbType,tvshow) + !String.IsEqual(ListItem.DbType,season) + !String.IsEqual(ListItem.DbType,episode) + !String.IsEqual(ListItem.DBType,song)</visible>
					</control>
					<!-- Plot control episodes -->
					<control type="group">
						<visible>String.IsEmpty(Skin.String(mdblist_api_key))</visible>
						<control type="textbox" id="15501">
							<top>503</top>
							<width>540</width>
							<bottom>80</bottom>
							<autoscroll time="3000" delay="7000" repeat="5000">!System.HasModalDialog + Skin.HasSetting(AutoScroll)</autoscroll>
							<label>$VAR[InfoPanelEpisode]</label>
						
							<!-- KODI-RD-IL ADDITION -->
							<align>right</align>
							<!-- ##################### -->
							
							<textcolor>unfocused_text</textcolor>
						</control>
						<control type="textbox">
							<top>398</top>
							<width>550</width>
							<aligny>center</aligny>
							<height>110</height>
							<font>font36_title</font>
							<textcolor>unfocused_text</textcolor>
							<!-- KODI-RD-IL CHANGES -->
							<label>$LOCALIZE[700015] $INFO[ListItem.Season], $LOCALIZE[700016] $INFO[ListItem.Episode]</label>
							<!-- ##################### -->
						
							<!-- KODI-RD-IL ADDITION -->
							<align>right</align>
							<!-- ##################### -->
							
							<visible>String.IsEqual(ListItem.DbType,episode)</visible>
						</control>
					</control>
					<control type="textbox" id="15503">
						<top>600</top>
						<width>540</width>
						<bottom>70</bottom>
						<autoscroll time="3000" delay="3000" repeat="5000">!System.HasModalDialog + Skin.HasSetting(AutoScroll)</autoscroll>
						<label>$VAR[ListBoxInfoVar]</label>
						<textcolor>unfocused_text</textcolor>
						<visible>String.IsEqual(ListItem.DBType,song)</visible>
					</control>
				</control>
				<control type="group">
					<left>20</left>
					<top>640</top>
					<visible>ListItem.IsCollection + String.IsEmpty(ListItem.Plot)</visible>
					<include content="InfoList">
						<param name="bottom" value="100" />
						<param name="width" value="540" />
						<param name="sortby" value="year" />
						<param name="sortorder" value="ascending" />
						<param name="font" value="font13" />
					</include>
				</control>
				<control type="group">
					<visible>!ListItem.IsCollection + String.IsEmpty(Control.GetLabel(15500)) + Control.IsVisible(15500)</visible>
					<control type="textbox">
						<left>30</left>
						<top>460</top>
						<width>540</width>
						<height>413</height>
						<align>center</align>
						<aligny>center</aligny>
						<font>font27</font>
						<textcolor>80FFFFFF</textcolor>
						<label>$LOCALIZE[19055]</label>
						<visible>!ListItem.IsParentFolder</visible>
						<visible>!Integer.IsGreater(Container(42000).NumItems,0) + !Integer.IsGreater(Container(43000).NumItems,0)</visible>
						<visible>!Container.Content() | !String.isempty(ListItem.Plot)</visible>
					</control>
					<control type="group">
						<left>20</left>
						<top>640</top>
						<visible>!String.IsEmpty(ListItem.DBID)</visible>
						<include content="InfoList">
							<param name="list_id" value="42000" />
							<param name="bottom" value="100" />
							<param name="width" value="540" />
							<param name="sortby" value="year" />
							<param name="sortorder" value="ascending" />
							<param name="item_label" value="$INFO[ListItem.Year,[COLOR button_focus],[/COLOR]  -  ]$INFO[ListItem.Label]" />
							<param name="visible" value="String.IsEqual(ListItem.DBType,artist)" />
						</include>
						<include content="InfoList">
							<param name="list_id" value="43000" />
							<param name="bottom" value="100" />
							<param name="width" value="540" />
							<param name="sortby" value="track" />
							<param name="sortorder" value="ascending" />
							<param name="item_label" value="$INFO[ListItem.Duration,[COLOR button_focus],[/COLOR]  -  ]$INFO[ListItem.Label]" />
							<param name="visible" value="String.IsEqual(ListItem.DBType,album)" />
						</include>
					</control>
				</control>
			</control>
		</definition>
	</include>
	
</includes>