<?xml version="1.0" encoding="UTF-8"?>
<addon id="plugin.program.kodi7rd_connect_fen_rd_trakt" name="[COLOR limegreen]חיבור RD לFen[/COLOR]" version="1.0.0" provider-name="KodiRealDebridIsrael">
    <extension point="xbmc.python.script" library="main.py"/>
    <extension point="xbmc.addon.metadata">
        <platform>all</platform>
        <assets>
            <icon>icon.png</icon>
            <fanart>fanart.png</fanart>
        </assets>
        <news>
        </news>
    </extension>
</addon>
