<?xml version="1.0" encoding="UTF-8"?>
<includes>
	<include name="View_501_Banner">
		<control type="group">
			<include>OpenClose_Right</include>
			<left>80</left>
			<top>0</top>
			<visible>Control.IsVisible(501)</visible>
			<include>Visible_Right</include>
			<control type="panel" id="501">
				<right>20</right>
				<top>0</top>
				<width>1840</width>
				<height>100%</height>
				<onleft>9000</onleft>
				<onright>531</onright>
				<onup>501</onup>
				<ondown>501</ondown>
				<viewtype label="20020">wide</viewtype>
				<preloaditems>2</preloaditems>
				<pagecontrol>531</pagecontrol>
				<scrolltime tween="cubic" easing="out">500</scrolltime>
				<visible>Container.Content(tvshows)</visible>
				
				<itemlayout height="220" width="900">
					<control type="group">
						<top>100</top>
						<control type="image">
							<left>0</left>
							<top>0</top>
							<width>860</width>
							<height>195</height>
							<texture diffuse="masks/banner.png" fallback="dialogs/dialog-bg-nobo.png" background="true">$VAR[BannerArtVar]</texture>
							<!-- <aspectratio aligny="center">scale</aspectratio> -->
							<!-- <bordertexture border="21" infill="false">overlays/shadow.png</bordertexture> -->
							<bordersize>20</bordersize>
						</control>
						<control type="label">
							<left>70</left>
							<top>20</top>
							<width>700</width>
							<height>145</height>
							<label>$INFO[ListItem.Label]</label>
							<font>font52_title</font>
							<shadowcolor>text_shadow</shadowcolor>
							<aligny>center</aligny>
							<visible>String.IsEmpty(ListItem.Art(banner)) + !Listitem.IsParentFolder</visible>
						</control>
						<control type="group">
							<top>2</top>
							<left>793</left>
							<include content="RatingCircle" condition="Skin.HasSetting(circle_rating) | Skin.HasSetting(circle_userrating)">
								<param name="left">-72</param>
								<param name="top">17</param>
								<param name="width">119</param>
								<param name="height">119</param>
								<param name="label-left">-12</param>
								<param name="label-top">28</param>
								<param name="cornerdiffuse">overlays/overlayfade-bg5.png</param>
							</include>
						</control>
						<include content="ProgressBar">
							<!-- 20 -->
							<param name="left" value="55"/>
							<param name="top" value="150"/>
							<param name="width" value="745"/>
						</include>
					</control>
				</itemlayout>
				<focusedlayout height="220" width="900">
					<control type="group">
						<depth>DepthContentPopout</depth>
						<animation type="Focus">
							<effect type="zoom" start="100" end="110" time="200" tween="sine" easing="inout" center="450,180" />
						</animation>
						<animation type="Unfocus">
							<effect type="zoom" start="110" end="100" time="200" tween="sine" easing="inout" center="450,180" />
						</animation>
						<top>100</top>
						<control type="image">
							<left>13</left>
							<top>13</top>
							<width>834</width>
							<height>169.5</height>
							<texture border="8" colordiffuse="button_focus">masks/banner.png</texture>
						</control>
						<control type="image">
							<left>0</left>
							<top>0</top>
							<width>860</width>
							<height>195</height>
							<texture diffuse="masks/banner.png" fallback="dialogs/dialog-bg-nobo.png" background="true">$VAR[BannerArtVar]</texture>
							<!-- <aspectratio aligny="center">scale</aspectratio>
							<bordertexture border="21" infill="false">overlays/shadow.png</bordertexture> -->
							<bordersize>20</bordersize>
						</control>
						<control type="label">
							<left>70</left>
							<top>20</top>
							<width>700</width>
							<height>145</height>
							<label>$INFO[ListItem.Label]</label>
							<font>font52_title</font>
							<shadowcolor>text_shadow</shadowcolor>
							<aligny>center</aligny>
							<visible>String.IsEmpty(ListItem.Art(banner)) + !Listitem.IsParentFolder</visible>
						</control>
						<control type="group">
							<include>Animation_FocusTextureFade</include>
							<control type="image">
								<left>21</left>
								<top>75</top>
								<width>818</width>
								<height>100</height>
								<texture>overlays/overlayfade-banner.png</texture>
								<animation effect="fade" start="0" end="80" time="50">Focus</animation>
								<visible>!Listitem.IsParentFolder</visible>
							</control>
							<control type="image">
								<left>35</left>
								<top>138</top>
								<width>32</width>
								<height>32</height>
								<texture>$VAR[ListWatchedIconVar]</texture>
							</control>
							<control type="label">
								<left>80</left>
								<top>142</top>
								<width>800</width>
								<height>20</height>
								<font>font12</font>
								<aligny>center</aligny>
								<label>$INFO[ListItem.Label]</label>
								<visible>!Listitem.IsParentFolder</visible>
							</control>
							<control type="image">
								<right>220</right>
								<top>143</top>
								<width>22</width>
								<height>22</height>
								<texture>lists/rating.png</texture>
								<visible>!String.IsEmpty(ListItem.Rating)</visible>
							</control>
							<control type="label">
								<right>258</right>
								<top>144</top>
								<width>800</width>
								<height>20</height>
								<font>font12</font>
								<align>right</align>
								<aligny>center</aligny>
								<label>$INFO[ListItem.Rating]</label>
								<visible>!String.IsEmpty(ListItem.Rating)</visible>
							</control>
							<control type="image">
								<right>85</right>
								<top>143</top>
								<width>22</width>
								<height>22</height>
								<texture>lists/played-total.png</texture>
								<visible>String.IsEqual(Listitem.dbtype,tvshow) + !String.IsEmpty(ListItem.Property(TotalEpisodes))</visible>
							</control>
							<control type="label">
								<right>118</right>
								<top>144</top>
								<width>800</width>
								<height>20</height>
								<font>font12</font>
								<align>right</align>
								<aligny>center</aligny>
								<label>$VAR[BannerLabel2Var]</label>
							</control>
							<!-- <control type="group">
								<top>2</top>
								<left>793</left>
								<include condition="Skin.HasSetting(circle_rating) | Skin.HasSetting(circle_userrating)">RatingCircle</include>
							</control> -->
							
						</control>
					</control>
				</focusedlayout>
			</control>
		</control>
	</include>
</includes>
