<?xml version="1.0" encoding="UTF-8" standalone="yes"?>
<addon id="service.subtitles.All_Subs" name="DarkSubs" version="3.0.7" provider-name="Sbs">
  <requires>
    
	<import addon="script.module.requests" version="2.9.1" />
	<import addon="script.module.chardet" />
	
  </requires>
  <extension point="xbmc.subtitle.module" library="service.py"  start="startup"></extension>
  <extension point="xbmc.service" library="autosub.py"/>
  <extension point="xbmc.addon.metadata">
	<reuselanguageinvoker>false</reuselanguageinvoker>
    <summary lang="en">Collect Subs From sites</summary>
    <description lang="en">wizdom,subcene,opensubtitles,Ktuvit</description>
    <assets>
            <icon>icon.png</icon>
            <fanart>fanart.png</fanart>
    </assets>
	<language>en</language>
    <license>GNU GENERAL PUBLIC LICENSE. Version 2, June 1991</license>
  </extension>
  <extension point="kodi.context.item" library="check_sub.py">
        <item>
            <label>בדוק אם קיימת כתובית</label>
            <visible>true</visible>
        </item>
    </extension>
	
</addon>
