<?xml version="1.0" encoding="UTF-8" standalone="yes"?>
<addon id="plugin.program.kodirealdebridisraelwizard" name="[COLOR yellow]Kodi + Real Debrid Israel Wizard[/COLOR]" version="1.0.1" provider-name="KodiRealDebridIsrael">
    <requires>
        <import addon="xbmc.python" version="3.0.0" />
        <import addon="script.module.requests" />
        <import addon="script.module.six" />
    </requires>
    
    <extension point="xbmc.python.pluginsource" library="default.py">
        <provides>executable</provides>
    </extension>
    
    <extension point="xbmc.service" library="startup.py" start="startup" />
    
    <extension point="xbmc.addon.metadata">
        <summary lang="en">[COLOR blue]Kodi + Real Debrid Israel Wizard[/COLOR]</summary>
        <description lang="en">[COLOR blue]Kodi + Real Debrid Israel Wizard[/COLOR]</description>
        <platform>all</platform>
        <reuselanguageinvoker>false</reuselanguageinvoker>
        <source>https://www.github.com/a4k-openproject/plugin.program.openwizard/</source>
        <assets>
            <icon>icon.png</icon>
            <fanart>fanart.png</fanart>
        </assets>
    </extension>
</addon>
