<?xml version="1.0" encoding="UTF-8"?>
<window type="dialog" id="12209">
		<visible>Window.IsActive(fullscreenvideo)</visible>
	<controls>
		
	<control type="group">
		<control type="image" id="1">
			<animation type="Visible">
			<effect type="slide" start="-150" end="0" time="250" tween="sine" easing="inout"/>
			<effect type="fade" start="50" end="100" time="250" delay="150"/>
			</animation>
			<animation type="Hidden">
			<effect type="slide" start="0" end="-150" time="250" tween="sine" easing="inout"/>
			<effect type="fade" start="100" end="0" time="250" delay="150"/>
			</animation>
				<visible>$EXP[PausedTended_Prefix]</visible>
				<centerleft>60%</centerleft>
				<centertop>50%</centertop>
				<width>1702</width>
				<height>592</height>
				<texture diffuse="masks/landscape-502.png">kodirdil/backgrounds/contentpanel-fade.png</texture>
		</control>	
		<control type="image" id="1">
			<animation type="Visible">
			<effect type="slide" start="150" end="0" time="250" tween="sine" easing="inout"/>
			<effect type="fade" start="50" end="100" time="250" delay="150"/>
			</animation>
			<animation type="Hidden">
			<effect type="slide" start="0" end="150" time="250" tween="sine" easing="inout"/>
			<effect type="fade" start="100" end="0" time="250" delay="150"/>
			</animation>
				<visible>$EXP[PausedTended_Prefix]</visible>
				<centerleft>60%</centerleft>
				<centertop>50%</centertop>
				<width>1002</width>
				<height>592</height>
				<texture flipx="true" diffuse="masks/landscape-502.png">kodirdil/backgrounds/contentpanel-fade.png</texture>
			</control>
			<control type="image" id="1">
			<animation type="Visible">
			<effect type="slide" start="150" end="0" time="250" tween="sine" easing="inout"/>
			<effect type="fade" start="50" end="100" time="250" delay="150"/>
			</animation>
			<animation type="Hidden">
			<effect type="slide" start="0" end="150" time="250" tween="sine" easing="inout"/>
			<effect type="fade" start="100" end="0" time="250" delay="150"/>
			</animation>
				<visible>$EXP[PausedTended_Prefix]</visible>
				<centerleft>77%</centerleft>
				<centertop>30%</centertop>
				<width>282</width>
				<height>100</height>
				<texture border="20" flipx="true" colordiffuse="44ffffff">kodirdil/overlays/gradient-box.png</texture>
		</control>	
			<control type="image" id="1">
			<animation type="Visible">
			<effect type="slide" start="150" end="0" time="250" tween="sine" easing="inout"/>
			<effect type="fade" start="50" end="100" time="250" delay="150"/>
			</animation>
			<animation type="Hidden">
			<effect type="slide" start="0" end="150" time="250" tween="sine" easing="inout"/>
			<effect type="fade" start="100" end="0" time="250" delay="150"/>
			</animation>
				<visible>$EXP[PausedTended_Prefix]</visible>
				<centerleft>77%</centerleft>
				<centertop>30%</centertop>
				<width>282</width>
				<height>100</height>
				<texture border="20" colordiffuse="44ffffff">kodirdil/overlays/gradient-box.png</texture>
		</control>	
			<control type="image" id="1">
			<animation type="Visible">
			<effect type="slide" start="150" end="0" time="250" tween="sine" easing="inout"/>
			<effect type="fade" start="50" end="100" time="250" delay="150"/>
			</animation>
			<animation type="Hidden">
			<effect type="slide" start="0" end="150" time="250" tween="sine" easing="inout"/>
			<effect type="fade" start="100" end="0" time="250" delay="150"/>
			</animation>
				<visible>$EXP[PausedTended_Prefix]</visible>
				<centerleft>81.5%</centerleft>
				<centertop>30%</centertop>
				<width>22</width>
				<height>32</height>
				<texture colordiffuse="white">kodirdil/overlays/media-pause-512.png</texture>
		</control>	
		<control type="image" id="1">
			<animation type="Visible">
			<effect type="slide" start="-150" end="0" time="250" tween="sine" easing="inout"/>
			<effect type="fade" start="50" end="100" time="250" delay="150"/>
			</animation>
			<animation type="Hidden">
			<effect type="slide" start="0" end="-150" time="250" tween="sine" easing="inout"/>
			<effect type="fade" start="100" end="0" time="250" delay="150"/>
			</animation>
				<visible>$EXP[PausedTended_Prefix]</visible>
				<centerleft>24%</centerleft>
				<centertop>50%</centertop>
				<width>392</width>
				<height>592</height>
				<texture fallback="kodirdil/fallbacks/videodefault.jpg" diffuse="masks/poster-50.png">$VAR[NowPlayingPosterVar]</texture>
			</control>		

		<control type="image" id="1">
			<animation type="Visible">
			<effect type="slide" start="150" end="0" time="250" tween="sine" easing="inout"/>
			<effect type="fade" start="50" end="100" time="250" delay="150"/>
			</animation>
			<animation type="Hidden">
			<effect type="slide" start="0" end="150" time="250" tween="sine" easing="inout"/>
			<effect type="fade" start="100" end="0" time="250" delay="150"/>
			</animation>
				<visible>$EXP[PausedTended_Prefix]</visible>
				<centerleft>78%</centerleft>
				<centertop>65%</centertop>
				<width>220</width>
				<height>122</height>
				<texture diffuse="masks/landscape-502.png">$VAR[NowPlayingFanartVar]</texture>
		</control>	
			
			<control type="textbox" id="1">
				<animation type="Visible">
				<effect type="slide" start="150" end="0" time="250" tween="sine" easing="inout"/>
				<effect type="fade" start="50" end="100" time="250" delay="150"/>
				</animation>
				<animation type="Hidden">
				<effect type="slide" start="0" end="150" time="250" tween="sine" easing="inout"/>
				<effect type="fade" start="100" end="0" time="250" delay="150"/>
				</animation>
				<visible>$EXP[PausedTended_Prefix]</visible>
				<description>buffering value</description>
					<label>[COLOR button_focus][B]$LOCALIZE[31080]:[/B][/COLOR] $INFO[Player.FinishTime][CR][COLOR button_focus][B]$LOCALIZE[700025]:[/B] [/COLOR]$INFO[VideoPlayer.Duration(hh:mm:ss)]</label>
					<centerleft>54.5%</centerleft>
					<centertop>40%</centertop>
					<width>700</width>
					<height>220</height>
					<aligny>center</aligny>
					<align>center</align>
					<font>font35_title</font>
			</control>
			<control type="textbox" id="1">
				<animation type="Visible">
				<effect type="slide" start="150" end="0" time="250" tween="sine" easing="inout"/>
				<effect type="fade" start="50" end="100" time="250" delay="150"/>
				</animation>
				<animation type="Hidden">
				<effect type="slide" start="0" end="150" time="250" tween="sine" easing="inout"/>
				<effect type="fade" start="100" end="0" time="250" delay="150"/>
				</animation>
					<visible>$EXP[PausedTended_Prefix]</visible>
					<description>buffering value</description>
					<label>$LOCALIZE[700023]</label>
					<centerleft>75.5%</centerleft>
					<centertop>30%</centertop>
					<width>700</width>
					<height>220</height>
					<aligny>center</aligny>
					<align>center</align>
					<font>font45_title</font>
				</control>
		<control type="image" id="1">
			<animation type="Visible">
			<effect type="slide" start="-150" end="0" time="250" tween="sine" easing="inout"/>
			<effect type="fade" start="50" end="100" time="250" delay="150"/>
			</animation>
			<animation type="Hidden">
			<effect type="slide" start="0" end="-150" time="250" tween="sine" easing="inout"/>
			<effect type="fade" start="100" end="0" time="250" delay="150"/>
			</animation>
				<visible>$EXP[PausedTended_Prefix]</visible>
				<centerleft>18.0%</centerleft>
				<centertop>25.5%</centertop>
				<width>122</width>
				<height>72</height>
				<aspectratio align="center" aligny="center" scalediffuse="false">keep</aspectratio>
				<texture>kodirdil/studiologos/$INFO[VideoPlayer.Studio].png</texture>
		</control>					
				<control type="textbox" id="1">
				<animation type="Visible">
				<effect type="slide" start="150" end="0" time="250" tween="sine" easing="inout"/>
				<effect type="fade" start="50" end="100" time="250" delay="150"/>
				</animation>
				<animation type="Hidden">
				<effect type="slide" start="0" end="150" time="250" tween="sine" easing="inout"/>
				<effect type="fade" start="100" end="0" time="250" delay="150"/>
				</animation>
					<visible>$EXP[PausedTended_Prefix]</visible>
					<description>buffering value</description>
					<label fallback="n/a">[B][COLOR yellow]$VAR[NowPlayingLabelVar][/COLOR][/B]</label>
					<centerleft>54.5%</centerleft>
					<centertop>29%</centertop>
					<width>420</width>
					<height>220</height>
					<aligny>center</aligny>
					<align>center</align>
					<font>font40_title</font>
			</control>
			<control type="group">
				<animation type="Visible">
				<effect type="slide" start="150" end="0" time="250" tween="sine" easing="inout"/>
				<effect type="fade" start="50" end="100" time="250" delay="150"/>
				</animation>
				<animation type="Hidden">
				<effect type="slide" start="0" end="150" time="250" tween="sine" easing="inout"/>
				<effect type="fade" start="100" end="0" time="250" delay="150"/>
				</animation>
				<visible>$EXP[PausedTended_Prefix]</visible>
				<left>1385</left>
				<top>-1200</top>
				<visible>$EXP[Label_Visible_Prefix]</visible>
				<left>-45</left>
				<control type="image">
					<centertop>80%</centertop>
					<centerleft>21%</centerleft>
					<width>100</width>
					<height>19</height>
					<texture border="16">kodirdil/overlays/progress-back.png</texture>
					<colordiffuse>white</colordiffuse>
				</control>
				<control type="progress">
					<centertop>79.4%</centertop>
					<centerleft>21.5%</centerleft>
					<height>12</height>
					<width>100</width>
					<texturebg>-</texturebg>
					<midtexture colordiffuse="button_focus" border="10.8">kodirdil/overlays/progress-mid.png</midtexture>
					<info>Player.Progress</info>
				</control>
				</control>
			<include content="Label_prefix">
				<param name="color">button_focus</param>
				<param name="id">12333</param>
				<param name="centerleft">54.5</param>
				<param name="centertop">68</param>
				<param name="font_prefix">font10</param>
				<param name="visible">$EXP[Label_Visible_Prefix]</param>
				<animation effect="fade" start="0" end="100" time="400">VisibleChange</animation>
			</include>
				<control type="textbox" id="1">
				<animation type="Visible">
				<effect type="slide" start="150" end="0" time="250" tween="sine" easing="inout"/>
				<effect type="fade" start="50" end="100" time="250" delay="150"/>
				</animation>
				<animation type="Hidden">
				<effect type="slide" start="0" end="150" time="250" tween="sine" easing="inout"/>
				<effect type="fade" start="100" end="0" time="250" delay="150"/>
				</animation>
					<visible>$EXP[PausedTended_Prefix]</visible>
					<description>buffering value</description>
					<label>$VAR[Episode_prefix]</label>
					<centerleft>77%</centerleft>
					<centertop>37%</centertop>
					<width>420</width>
					<height>220</height>
					<aligny>center</aligny>
					<align>center</align>
					<font>font10</font>
			</control>
			<control type="textbox" id="1">
				<animation type="Visible">
				<effect type="slide" start="150" end="0" time="250" tween="sine" easing="inout"/>
				<effect type="fade" start="50" end="100" time="250" delay="150"/>
				</animation>
				<animation type="Hidden">
				<effect type="slide" start="0" end="150" time="250" tween="sine" easing="inout"/>
				<effect type="fade" start="100" end="0" time="250" delay="150"/>
				</animation>
				<autoscroll time="4000" fade="4000" repeat="4500">System.IdleTime(5) + Player.Paused</autoscroll>
					<visible>$EXP[PausedTended_Prefix]</visible>
					<description>buffering value</description>
					<label fallback="$LOCALIZE[700024]">[B]$INFO[VideoPlayer.Plot][/B]</label>
					<centerleft>54.5%</centerleft>
					<centertop>54%</centertop>
					<width>600</width>
					<height>155</height>
					<aligny>center</aligny>
					<align>center</align>
					<font>font10</font>
			</control>
		</control>
		<control type="grouplist">
		<animation type="Visible">
		<effect type="slide" start="150" end="0" time="250" tween="sine" easing="inout"/>
		<effect type="fade" start="50" end="100" time="250" delay="150"/>
		</animation>
		<animation type="Hidden">
		<effect type="slide" start="0" end="150" time="250" tween="sine" easing="inout"/>
		<effect type="fade" start="100" end="0" time="250" delay="150"/>
		</animation>
		<visible>$EXP[PausedTended_Prefix]</visible>
		<centertop>82%</centertop>
		<centerleft>56.5%</centerleft>
			<width>840</width>
			<height>200</height>
			<align>center</align>
			<orientation>horizontal</orientation>
			<itemgap>0</itemgap>
				<include content="SetPauseTendedFlagsVideosOSd">
					<param name="groupwidth">120</param>
					<param name="label">AudioLanguage</param>
					<param name="freetext">-Audio</param>
				</include>
				<include content="SetPauseTendedFlagsVideosOSd">
				<param name="groupwidth">120</param>
				<param name="label">VideoResolution</param>
				<param name="freetext">HD</param>
				<include content="SetPauseTendedFlagsVideosOSd">
					<param name="groupwidth">120</param>
					<param name="label">VideoAspect</param>
					<param name="freetext"></param>
				</include>
				<include content="SetPauseTendedFlagsVideosOSd">
					<param name="groupwidth">120</param>
					<param name="icon">audiocodec</param>
					<param name="label3">AudioCodec</param>
				</include>
				<include content="SetPauseTendedFlagsVideosOSd">
					<param name="groupwidth">120</param>
					<param name="label">VideoCodec</param>
					<param name="freetext"></param>
				</include>
				<include content="SetPauseTendedFlagsVideosOSd">
					<param name="groupwidth">120</param>
					<param name="label">AudioChannels</param>
					<param name="freetext">Ch</param>
				</include>
				<include content="SetPauseTendedFlagsVideosOSd">
					<param name="groupwidth">120</param>
					<param name="label2">Player.Process(VideoFPS)</param>
					<param name="freetext">fps</param>
				</include>
			</include>
		</control>
		
	<include content="SetFadeLabel">
		<param name="id">12333</param>
	</include>
	
	</controls>
</window>
