<?xml version="1.0" encoding="utf-8"?>
<window>
	<onload condition="!Player.PauseEnabled">SetFocus(603)</onload>
	<defaultcontrol always="true">602</defaultcontrol>
	<depth>DepthOSD</depth>
	<controls>
		<control type="button">
			<description>background close area</description>
			<left>0</left>
			<top>0</top>
			<width>100%</width>
			<bottom>280</bottom>
			<texturefocus />
			<texturenofocus />
			<onclick>Action(close)</onclick>
		</control>
		
		<control type="group">
		<visible>Skin.HasSetting(SeekStepsVideoOSD)</visible>
		<visible>Control.HasFocus(43434) | ControlGroup(201).HasFocus(606) + !ControlGroup(202).HasFocus()</visible>
		<visible>!VideoPlayer.Content(livetv)</visible>
		<animation condition="Window.IsActive(VideoOSDBookmarks.xml)" effect="fade" start="100" end="0" time="0">Conditional</animation>
		<left>-1015</left>
		<top>-20</top>
			<control type="group">
			<top>780</top>
			<left>820</left>
			<include content="DialogBackgroundCommons">
				<param name="visible" value="false"/>
				<param name="logovisible" value="false"/>
				<param name="width" value="600" />
				<param name="height" value="100" />
				<param name="header_label" value="$LOCALIZE[700012]" />
				<param name="header_id" value="2" />
			</include>
			</control>
	<control type="list" id="43434">
		<include>DialogSeekVideoOSD</include>
			<itemlayout width="120">
				<control type="label">
					<top>0</top>
					<left>10</left>
					<width>80</width>
					<height>35</height>
					<align>center</align>
					<font>font20_title</font>
					<label>$INFO[ListItem.Label]</label>
				</control>
			</itemlayout>
			<focusedlayout width="120">
				<control type="label">
					<top>0</top>
					<left>10</left>
					<width>80</width>
					<height>35</height>
					<align>center</align>
					<font>font20_title</font>
					<label>$INFO[ListItem.Label]</label>
				</control>
			</focusedlayout>
				<content>
					<item id="1">
						<label>5 $LOCALIZE[700014]</label>
						<onclick>seek(300)</onclick>
					</item>
					<item id="2">
						<label>10 $LOCALIZE[700014]</label>
						<onclick>seek(600)</onclick>
					</item>
					<item id="3">
						<label>15 $LOCALIZE[700014]</label>
						<onclick>seek(900)</onclick>
					</item>
					<item id="4">
						<label>20 $LOCALIZE[700014]</label>
						<onclick>seek(1200)</onclick>
					</item>
					<item id="5">
						<label>25 $LOCALIZE[700014]</label>
						<onclick>seek(1500)</onclick>
					</item>
				</content>
			</control>
		</control>
		
		
		
		<control type="group">
		<left>-1015</left>
		<top>-20</top>
		<visible>Skin.HasSetting(SeekStepsVideoOSD)</visible>
		<visible>Control.HasFocus(43435) | ControlGroup(201).HasFocus(601) + !ControlGroup(202).HasFocus()</visible>
		<visible>!VideoPlayer.Content(livetv)</visible>
		<animation condition="Window.IsActive(VideoOSDBookmarks.xml)" effect="fade" start="100" end="0" time="0">Conditional</animation>
		<left>15%</left>
			<control type="group">
			<top>780</top>
			<left>815</left>
			<include content="DialogBackgroundCommons">
				<param name="width" value="600" />
				<param name="logovisible" value="false"/>
				<param name="height" value="100" />
				<param name="header_label" value="$LOCALIZE[700013]" />
				<param name="header_id" value="2" />
			</include>
			</control>
	<control type="list" id="43435">
		<include>DialogSeekVideoOSD</include>
			<itemlayout width="120">
				<control type="label">
					<top>0</top>
					<left>10</left>
					<width>80</width>
					<height>35</height>
					<align>center</align>
					<font>font20_title</font>
					<label>$INFO[ListItem.Label]</label>
				</control>
			</itemlayout>
			<focusedlayout width="120">
				<control type="label">
					<top>0</top>
					<left>10</left>
					<width>80</width>
					<height>35</height>
					<align>center</align>
					<font>font20_title</font>
					<label>$INFO[ListItem.Label]</label>
				</control>
			</focusedlayout>
				<content>
					<item id="1">
						<label>5 $LOCALIZE[700014]</label>
						<onclick>seek(-300)</onclick>
					</item>
					<item id="2">
						<label>10 $LOCALIZE[700014]</label>
						<onclick>seek(-600)</onclick>
					</item>
					<item id="3">
						<label>15 $LOCALIZE[700014]</label>
						<onclick>seek(-900)</onclick>
					</item>
					<item id="4">
						<label>20 $LOCALIZE[700014]</label>
						<onclick>seek(-1200)</onclick>
					</item>
					<item id="5">
						<label>25 $LOCALIZE[700014]</label>
						<onclick>seek(-1500)</onclick>
					</item>
				</content>
			</control>
		</control>
		
		<include content="ZoomFocusd">
			<param id="id">43434</param>
			<param name="Control_id">43434</param>
				<include content="ZoomFocusd">
					<param id="id">43435</param>
					<param name="Control_id">43435</param>
				</include>
		</include>
		
		<include condition="Skin.HasSetting(touchmode)">TouchBackOSDButton</include>
		<control type="group">
			<include>Animation_BottomSlide</include>
			<bottom>0</bottom>
			<height>180</height>
			<visible>![Window.IsVisible(SliderDialog) | Window.IsVisible(1110) | Window.IsVisible(osdaudiosettings) | Window.IsVisible(osdvideosettings) | Window.IsVisible(VideoBookmarks) | Window.IsVisible(playerprocessinfo) | Window.IsVisible(osdcmssettings) | Window.IsVisible(PVROSDChannels) | Window.IsVisible(pvrchannelguide)]</visible>
			<animation effect="fade" time="200">VisibleChange</animation>
			<control type="label">
				<animation effect="slide" end="0,-20" time="150" condition="VideoPlayer.Content(LiveTV)">conditional</animation>
				<right>20</right>
				<top>0</top>
				<align>right</align>
				<aligny>center</aligny>
				<width>1000</width>
				<height>50</height>
				<label>$VAR[OSDHelpTextVar]</label>
				<shadowcolor>black</shadowcolor>
			</control>
			<control type="group" id="200">
				<include>Animation_BottomSlide</include>
				<control type="grouplist" id="201">
					<left>20</left>
					<top>90</top>
					<width>100%</width>
					<height>135</height>
					<itemgap>10</itemgap>
					<scrolltime tween="sine">200</scrolltime>
					<orientation>horizontal</orientation>
					<onup condition="!Skin.HasSetting(SeekStepsVideoOSD)">87</onup>
					<onup condition="Control.HasFocus(43434) | ControlGroup(201).HasFocus(606) + Skin.HasSetting(SeekStepsVideoOSD)">Control.SetFocus(43434,0)</onup>
					<onup condition="Control.HasFocus(43435) | ControlGroup(201).HasFocus(601) + Skin.HasSetting(SeekStepsVideoOSD)">Control.SetFocus(43435,0)</onup>
					<ondown>noop</ondown>
					<onleft>70048</onleft>
					<onright>804</onright>
					<control type="radiobutton" id="598">
					<visible>$EXP[SkinZoomToggle]</visible>
						<include content="OSDButtonAdvanced">
							<param name="texture" value="kodirdil/zoom/zoom-out-hand.png"/>
							<param name="textoffsetx">13</param>
							<param name="label">$LOCALIZE[700017]</param>
						</include>
						<include condition="$EXP[LiveTvCondition]">Out</include>
					</control>
					<control type="radiobutton" id="599">
						<visible>$EXP[SkinZoomToggle]</visible>
						<include content="OSDButtonAdvanced">
							<param name="label">$LOCALIZE[700016]</param>
							<param name="textoffsetx">22</param>
							<param name="texture" value="kodirdil/zoom/zoom-in-hand.png"/>
						</include>
						<include condition="$EXP[LiveTvCondition]">In</include>
					</control>
					<control type="radiobutton" id="600">
						<include content="OSDButton">
							<param name="texture" value="osd/fullscreen/buttons/previous.png"/>
						</include>
						<onclick>PlayerControl(Previous)</onclick>
						<visible>Player.HasSceneMarkers | Player.ChapterCount | Integer.IsGreater(Playlist.Length(video),1) | [Player.SeekEnabled + VideoPlayer.Content(livetv)]</visible>
					</control>
					<control type="radiobutton" id="601">
						<include content="OSDButton">
							<param name="texture" value="osd/fullscreen/buttons/rewind.png"/>
						</include>
						<onclick>PlayerControl(Rewind)</onclick>
						<visible>[Player.SeekEnabled + !VideoPlayer.Content(livetv)] + !Player.Paused</visible>
					</control>
					<control type="group" id="698">
						<width>76</width>
						<height>76</height>
						<visible>Player.PauseEnabled</visible>
						<control type="button" id="602">
							<left>0</left>
							<top>0</top>
							<width>74</width>
							<height>74</height>
							<label></label>
							<font></font>
							<texturefocus colordiffuse="button_focus">osd/fullscreen/buttons/button-fo.png</texturefocus>
							<texturenofocus />
							<onleft>601</onleft>
							<onright>603</onright>
							<onup>87</onup>
							<ondown>noop</ondown>
							<onclick>PlayerControl(Play)</onclick>
						</control>
						<control type="image">
							<left>0</left>
							<top>0</top>
							<width>74</width>
							<height>74</height>
							<animation center="38,38" effect="zoom" end="100" reversible="false" start="95" time="480" tween="back" condition="Control.HasFocus(602)">Conditional</animation>
							<texture colordiffuse="white">$VAR[PlayerControlsPlayImageVar]</texture>
						</control>
					</control>
					<control type="radiobutton" id="603">
						<include content="OSDButton">
							<param name="texture" value="osd/fullscreen/buttons/stop.png"/>
						</include>
						<onclick>PlayerControl(Stop)</onclick>
					</control>
					<control type="radiobutton" id="606">
						<include content="OSDButton">
							<param name="texture" value="osd/fullscreen/buttons/forward.png"/>
						</include>
						<onclick>PlayerControl(Forward)</onclick>
						<visible>[Player.SeekEnabled + !VideoPlayer.Content(livetv)] + !Player.Paused</visible>
					</control>
					<control type="radiobutton" id="607">
						<include content="OSDButton">
							<param name="texture" value="osd/fullscreen/buttons/next.png"/>
						</include>
						<onclick>PlayerControl(Next)</onclick>
						<visible>Player.HasSceneMarkers | Player.ChapterCount | Integer.IsGreater(Playlist.Length(video),1) | PVR.IsTimeShift</visible>
					</control>
					<control type="radiobutton" id="608">
						<textureradioonfocus colordiffuse="white">osd/fullscreen/buttons/record-white.png</textureradioonfocus>
						<textureradioonnofocus>osd/fullscreen/buttons/record-white.png</textureradioonnofocus>
						<textureradioofffocus colordiffuse="white">osd/fullscreen/buttons/record.png</textureradioofffocus>
						<textureradiooffnofocus>osd/fullscreen/buttons/record.png</textureradiooffnofocus>
						<texturefocus colordiffuse="button_focus">osd/fullscreen/buttons/button-fo.png</texturefocus>
						<width>76</width>
						<animation center="38,38" effect="zoom" end="100" reversible="false" start="95" time="480" tween="back">Focus</animation>
						<height>76</height>
						<radiowidth>74</radiowidth>
						<radioheight>74</radioheight>
						<font></font>
						<texturenofocus />
						<radioposx>1</radioposx>
						<radioposy>0</radioposy>
						<selected>!PVR.IsRecordingPlayingChannel</selected>
						<onclick>PVR.ToggleRecordPlayingChannel</onclick>
						<visible>PVR.CanRecordPlayingChannel</visible>
						<visible>VideoPlayer.Content(livetv)</visible>
					</control>
				</control>
				<control type="grouplist" id="202">
					<right>20</right>
					<top>90</top>
					<width>1800</width>
					<height>135</height>
					<align>right</align>
					<itemgap>10</itemgap>
					<scrolltime tween="sine">200</scrolltime>
					<orientation>horizontal</orientation>
					<onup>87</onup>
					<ondown condition="Control.HasFocus(70043)">11104</ondown>
					<ondown condition="Control.HasFocus(704)">12104</ondown>
					<ondown condition="Control.HasFocus(255)">13103</ondown>
					<onleft>608</onleft>
					<onright>600</onright>
					<control type="radiobutton" id="804">
						<include content="OSDButton">
							<param name="texture" value="osd/fullscreen/buttons/home.png"/>
						</include>
						<onclick>PlayerControl(ShowVideoMenu)</onclick>
						<visible>VideoPlayer.HasMenu</visible>
					</control>
					<control type="radiobutton" id="70040">
						<include content="OSDButton">
							<param name="texture" value="osd/fullscreen/buttons/channels.png"/>
						</include>
						<onclick>Dialog.Close(VideoOSD)</onclick>
						<onclick>ActivateWindow(PVROSDChannels)</onclick>
						<visible>VideoPlayer.Content(livetv)</visible>
					</control>
					<control type="radiobutton" id="70041">
						<include content="OSDButton">
							<param name="texture" value="osd/fullscreen/buttons/guide.png"/>
						</include>
						<onclick>Dialog.Close(VideoOSD)</onclick>
						<onclick>ActivateWindow(pvrchannelguide)</onclick>
						<visible>VideoPlayer.Content(livetv) + VideoPlayer.HasEPG</visible>
					</control>
					<control type="radiobutton" id="70042">
						<include content="OSDButton">
							<param name="texture" value="osd/fullscreen/buttons/playlist.png"/>
						</include>
						<onclick>Dialog.Close(all, true)</onclick>
						<onclick>ActivateWindow(videoplaylist)</onclick>
						<visible>Integer.IsGreater(Playlist.Length(video),1)</visible>
					</control>
					<control type="button" id="700451">
						<description>DarkSubs Subtitles Window Button</description>
						<width>230</width>
						<height>77</height>
						<texturenofocus colordiffuse="grey_a">kodirdil/subtitles_window/choose_subs.png</texturenofocus>
						<texturefocus colordiffuse="button_focus">kodirdil/subtitles_window/choose_subs.png</texturefocus>
						<onup>70046</onup>
						<onclick>RunScript(service.subtitles.All_Subs,sub_window_unpause)</onclick>
					</control>
					<control type="radiobutton" id="70046">
						<include content="OSDButton">
							<param name="texture" value="osd/fullscreen/buttons/settings-subtitle.png"/>
						</include>
						<onclick>ActivateWindow(osdsubtitlesettings)</onclick>
						<visible>!VideoPlayer.Content(LiveTV) | VideoPlayer.HasSubtitles</visible>
					</control>
					<control type="radiobutton" id="70043">
						<include content="OSDButton">
							<param name="texture" value="osd/fullscreen/buttons/information.png"/>
						</include>
						<onclick>Info</onclick>
					</control>
					<control type="radiobutton" id="70044">
						<include content="OSDButton">
							<param name="texture" value="osd/fullscreen/buttons/bookmarks.png"/>
						</include>
						<onclick>ActivateWindow(videobookmarks)</onclick>
						<visible>!VideoPlayer.Content(livetv)</visible>
					</control>
					<control type="radiobutton" id="70045">
						<include content="OSDButton">
							<param name="texture" value="osd/fullscreen/buttons/teletext.png"/>
						</include>
						<onclick>Dialog.Close(VideoOSD)</onclick>
						<onclick>ActivateWindow(Teletext)</onclick>
						<visible>VideoPlayer.HasTeletext</visible>
					</control>
					<control type="radiobutton" id="70047">
						<include content="OSDButton">
							<param name="texture" value="osd/fullscreen/buttons/stereoscopic.png"/>
						</include>
						<visible>VideoPlayer.IsStereoscopic</visible>
						<onclick>SetProperty(settingslist_content,3d,home)</onclick>
						<onclick>SetProperty(settingslist_header,$LOCALIZE[36501],home)</onclick>
						<onclick>ActivateWindow(1101)</onclick>
					</control>
					<control type="radiobutton" id="70048">
						<include content="OSDButton">
							<param name="texture" value="osd/fullscreen/buttons/settings.png"/>
						</include>
						<onclick>SetProperty(settingslist_content,osd,home)</onclick>
						<onclick>SetProperty(settingslist_header,$LOCALIZE[5],home)</onclick>
						<onclick>ActivateWindow(1101)</onclick>
					</control>
					<!-- IMAX Button - not used currently.
					<control type="togglebutton" id="70049">
					<visible>System.AddonIsEnabled(script.black.bars.never)</visible>
						<include>SetOfOnToggleRadio</include>
						<include>ToggleButtonObj</include>
						<onclick>RunScript(script.black.bars.never,toggle)</onclick>
					</control>
					-->
				</control>
			</control>
			
			
				<control type="grouplist">
					<left>0</left>
					<centertop>20</centertop>
					<width>1800</width>
					<height>50</height>
					<align>left</align>
					<include>Animation_BottomSlide</include>
					<orientation>horizontal</orientation>
					<itemgap>5</itemgap>
					<visible>!Player.ShowInfo</visible>
					<animation effect="fade" start="0" end="100" time="200" delay="1000">Visible</animation>
					<control type="group">
					<width>120</width>
					<include content="MediaLabelFlag">
						<param name="labelflag">$INFO[VideoPlayer.AudioLanguage]</param>
						<param name="flagvisible">VideoPlayer.AudioLanguage</param>
						<param name="freelabel">-Audio</param>
					</include>
					</control>
					<include content="MediaFlag">
					<param name="texture" value="$INFO[VideoPlayer.VideoCodec,flags/videocodec/,.png]" />
					</include>
					<include content="MediaFlag">
					<param name="texture" value="$INFO[VideoPlayer.VideoResolution,flags/videoresolution/,.png]" />
					</include>
					<include content="MediaFlag">
						<param name="texture" value="$INFO[VideoPlayer.HdrType,flags/videohdr/,.png]" />
						<param name="visible" value="!String.IsEmpty(VideoPlayer.HdrType)" />
					</include>
					<include content="MediaFlag">
						<param name="texture" value="$INFO[VideoPlayer.VideoAspect,flags/aspectratio/,.png]" />
					</include>
					<include content="MediaFlag">
						<param name="texture" value="$INFO[VideoPlayer.AudioCodec,flags/audiocodec/,.png]" />
					</include>
					<include content="MediaFlag">
						<param name="texture" value="$INFO[VideoPlayer.AudioChannels,flags/audiochannel/,.png]" />
					</include>
					<control type="group">
					<width>120</width>
					<include content="MediaLabelFlag">
						<param name="labelflag">$VAR[SetLabelflag]</param>
						<param name="flagvisible">Player.Process(VideoFPS)</param>
						<param name="freelabel">.fps</param>
					</include>
					</control>
				</control>
			<control type="group" id="6000">
				<top>60</top>
				<animation type="WindowOpen" condition="!Window.IsVisible(fullscreeninfo)" reversible="False">
					<effect type="fade" start="0" end="100" time="300"/>
					<effect type="slide" start="0,200" end="0,0" time="300" tween="cubic" easing="out" />
				</animation>
				<animation type="WindowClose" condition="!Window.IsVisible(fullscreeninfo)" reversible="False">
					<effect type="fade" start="100" end="0" time="300"/>
					<effect type="slide" start="0,0" end="0,200" time="300" tween="cubic" easing="out" />
				</animation>
				<animation type="WindowOpen" condition="Window.IsVisible(fullscreeninfo)" reversible="False">
					<effect type="fade" start="0" end="100" time="300"/>
				</animation>
				<animation type="WindowClose" condition="Window.IsVisible(fullscreeninfo)" reversible="False">
					<effect type="fade" start="100" end="0" time="300"/>
				</animation>
				<visible>Player.SeekEnabled</visible>
				<control type="button" id="87">
					<include>HiddenObject</include>
					<ondown>200</ondown>
					<onleft>StepBack</onleft>
					<onright condition="!Player.Paused">StepForward</onright>
					<onright condition="Player.Paused">PlayerControl(FrameAdvance(1))</onright>
				</control>
				<control type="slider">
					<top>-5</top>
					<left>0</left>
					<width>100%</width>
					<height>26</height>
					<texturesliderbar colordiffuse="00FFFFFF">osd/progress/nub_leftright.png</texturesliderbar>
					<textureslidernib>osd/progress/nub_leftright.png</textureslidernib>
					<textureslidernibfocus colordiffuse="button_focus">osd/progress/nub_leftright.png</textureslidernibfocus>
					<info>Player.Progress</info>
					<onup>200</onup>
					<ondown>200</ondown>
					<action>seek</action>
					<visible>!Control.HasFocus(87) + !VideoPlayer.Content(LiveTV)</visible>
				</control>
				<control type="slider">
					<top>-5</top>
					<left>0</left>
					<width>100%</width>
					<height>26</height>
					<texturesliderbar colordiffuse="00FFFFFF">osd/progress/nub_leftright.png</texturesliderbar>
					<textureslidernib colordiffuse="button_focus">osd/progress/nub_leftright.png</textureslidernib>
					<textureslidernibfocus colordiffuse="button_focus">osd/progress/nub_leftright.png</textureslidernibfocus>
					<info>Player.Progress</info>
					<onup>200</onup>
					<ondown>200</ondown>
					<action>seek</action>
					<visible>Control.HasFocus(87) + !VideoPlayer.Content(LiveTV)</visible>
				</control>
				<control type="slider">
					<top>-5</top>
					<left>0</left>
					<width>100%</width>
					<height>26</height>
					<texturesliderbar colordiffuse="00FFFFFF">osd/progress/nub_leftright.png</texturesliderbar>
					<textureslidernib>osd/progress/nub_leftright.png</textureslidernib>
					<textureslidernibfocus colordiffuse="button_focus">osd/progress/nub_leftright.png</textureslidernibfocus>
					<info>PVR.TimeshiftProgressPlayPos</info>
					<onup>200</onup>
					<ondown>200</ondown>
					<action>pvr.seek</action>
					<visible>!Control.HasFocus(87) + VideoPlayer.Content(LiveTV)</visible>
				</control>
				<control type="slider">
					<top>-5</top>
					<left>0</left>
					<width>100%</width>
					<height>26</height>
					<texturesliderbar colordiffuse="00FFFFFF">osd/progress/nub_leftright.png</texturesliderbar>
					<textureslidernib colordiffuse="button_focus">osd/progress/nub_leftright.png</textureslidernib>
					<textureslidernibfocus colordiffuse="button_focus">osd/progress/nub_leftright.png</textureslidernibfocus>
					<info>PVR.TimeshiftProgressPlayPos</info>
					<onup>200</onup>
					<ondown>200</ondown>
					<action>pvr.seek</action>
					<visible>Control.HasFocus(87) + VideoPlayer.Content(LiveTV)</visible>
				</control>
			</control>
		</control>
	</controls>
</window>
