<?xml version="1.0" encoding="UTF-8"?>
<includes>
    <include name="MovieWidgets">
        <include content="WidgetListEpisodes">
            <param name="content_path" value="plugin://plugin.video.fen/?mode=build_movie_list&amp;action=favorites_movies&amp;name=Movies&amp;iconImage=https%3A%2F%2Fi.imgur.com%2FpmyCOx7.png"/>
            <param name="widget_header" value="[B]הסרטים שלי[/B]"/>
            <param name="widget_target" value="videos"/>
            <param name="list_id" value="19010"/>
        </include>
        <include content="WidgetListEpisodes">
            <param name="content_path" value="plugin://plugin.video.fen/?name=32476&amp;iconImage=player&amp;mode=build_movie_list&amp;action=in_progress_movies"/>
            <param name="widget_header" value="[B]סרטים בתהליך צפייה[/B]"/>
            <param name="widget_target" value="videos"/>
            <param name="list_id" value="19011"/>
        </include>
        <include content="WidgetListPoster">
            <param name="content_path" value="plugin://plugin.video.fen/?name=32458&amp;iconImage=trending&amp;mode=build_movie_list&amp;action=trakt_movies_trending"/>
            <param name="widget_header" value="[B]סרטים פופולריים[/B]"/>
            <param name="widget_target" value="videos"/>
            <param name="list_id" value="19012"/>
        </include>
        <include content="WidgetListPoster">
            <param name="content_path" value="plugin://plugin.video.fen/?name=32468&amp;iconImage=oscar_winners&amp;mode=build_movie_list&amp;action=imdb_movies_oscar_winners"/>
            <param name="widget_header" value="[B]סרטים זוכי אוסקר[/B]"/>
            <param name="widget_target" value="videos"/>
            <param name="list_id" value="19013"/>
        </include>
    </include>
</includes>