<?xml version="1.0" encoding="UTF-8"?>
<includes>
    <include name="MovieWidgets">
        <include content="WidgetListEpisodes">
            <param name="content_path" value="plugin://plugin.video.fen/?name=32476&amp;iconImage=player&amp;mode=build_movie_list&amp;action=in_progress_movies"/>
            <param name="widget_header" value="[B]סרטים להמשך צפייה[/B]"/>
            <param name="widget_target" value="videos"/>
            <param name="list_id" value="19010"/>
        </include>
        <include content="WidgetListPoster">
            <param name="content_path" value="plugin://plugin.video.fen/?name=32458&amp;iconImage=trending&amp;mode=build_movie_list&amp;action=trakt_movies_trending"/>
            <param name="widget_header" value="[B]סרטים פופולריים[/B]"/>
            <param name="widget_target" value="videos"/>
            <param name="list_id" value="19011"/>
        </include>
        <include content="WidgetListEpisodes">
            <param name="content_path" value="plugin://plugin.video.fen/?mode=navigator.build_shortcut_folder_list&amp;name=%D7%A1%D7%A8%D7%98%D7%99%D7%9D+-+%D7%9C%D7%A4%D7%99+%D7%A8%D7%A9%D7%AA%D7%95%D7%AA&amp;iconImage=folder&amp;shortcut_folder=True&amp;external_list_item=True"/>
            <param name="widget_header" value="[B]רשתות סטרימינג[/B]"/>
            <param name="widget_target" value="videos"/>
            <param name="list_id" value="19012"/>
        </include>
        <include content="WidgetListPoster">
            <param name="content_path" value="plugin://plugin.video.fen/?name=32468&amp;iconImage=oscar_winners&amp;mode=build_movie_list&amp;action=imdb_movies_oscar_winners"/>
            <param name="widget_header" value="[B]סרטים זוכי אוסקר[/B]"/>
            <param name="widget_target" value="videos"/>
            <param name="list_id" value="19013"/>
        </include>
    </include>
</includes>