<?xml version="1.0" encoding="UTF-8" standalone="yes"?>
<addon id="plugin.program.kodirealdebridisraelwizard" name="[COLOR blue]Kodi + Real Debrid Israel Build Wizard[/COLOR]" version="2.0.1" provider-name="KodiRealDebridIsrael">
    <requires>
        <import addon="xbmc.python" version="3.0.0" />
        <import addon="script.module.requests" />
        <import addon="script.module.six" />
        <import addon="script.kodi.android.update" optional="true" version="1.1.7" />
        <import addon="script.speedtester" optional="true" version="1.1.2" />
    </requires>
    
    <extension point="xbmc.python.pluginsource" library="default.py">
        <provides>executable</provides>
    </extension>
    
    <extension point="xbmc.service" library="startup.py" start="startup" />
    
    <extension point="xbmc.addon.metadata">
        <summary lang="en">[COLOR blue]Kodi + Real Debrid Israel Build Wizard[/COLOR]</summary>
        <description lang="en">[COLOR blue]Kodi + Real Debrid Israel Build Wizard[/COLOR]</description>
        <platform>all</platform>
        <reuselanguageinvoker>false</reuselanguageinvoker>
        <source>https://www.github.com/a4k-openproject/plugin.program.openwizard/</source>
        <news>
2.0.0 Wizard + Build
 - BUILD: Added Idan Plus addon and to home page.
 - BUILD: Added order favorites (סידור מועדפים) addon with menus in hebrew.
 - WIZARD: Many bug fixes.
 - WIZARD: Fully convert wizard to hebrew.
 - WIZARD: Keep all Fen .db files on build install, with option toggle in settings.
 - WIZARD: Fix RD and Trakt Data save parameters to save sessions between build updates better.
1.0.3 Wizard
 - Now supports saving Real Debrid + Trakt credentials on build update/reinstall.
1.0.0 Wizard
 - Initial release.
        </news>
        <assets>
            <icon>icon.png</icon>
            <fanart>fanart.png</fanart>
        </assets>
    </extension>
</addon>
