<?xml version="1.0" encoding="UTF-8"?>
<window>
	<defaultcontrol>9000</defaultcontrol>
	<include>Animation_DialogPopupOpenClose</include>
	<controls>
		<control type="group">
			<centerleft>50%</centerleft>
			<width>600</width>
			<centertop>50%</centertop>
			<height>700</height>
			<include content="DialogBackgroundCommons">
				<param name="width" value="600" />
				<param name="height" value="80" />
				<param name="header_label" value="$LOCALIZE[31072]" />
				<param name="header_id" value="2" />
			</include>
			<control type="panel" id="9000">
				<include>ButtonMenuList</include>
				<content>
					<!-- KODI-RD-IL CHANGES -->
					<item>
						<label>[B][COLOR blue]$LOCALIZE[13012][/COLOR][/B]</label>
						<!-- Original - <onclick>Quit()</onclick> -->
						<!-- Force Close Kodi Script:  -->
						<onclick>RunScript(&quot;plugin.close.kodi&quot;)</onclick>
						<visible>System.ShowExitButton</visible>
					</item>
					<item>
						<!-- Open Twilight Settings  -->
						<label>[B][COLOR blue]$LOCALIZE[700031][/COLOR][/B]</label>
						<onclick>Addon.OpenSettings(plugin.video.twilight)</onclick>
						<visible>System.ShowExitButton</visible>
					</item>
					<item>
						<!-- Open DarkSubs Settings  -->
						<label>[B][COLOR blue]$LOCALIZE[700032][/COLOR][/B]</label>
						<onclick>Addon.OpenSettings(service.subtitles.All_Subs)</onclick>
						<visible>System.ShowExitButton</visible>
					</item>
					<item>
						<!-- Clear Twilight Cache  -->
						<label>[B][COLOR blue]$LOCALIZE[700033][/COLOR][/B]</label>
						<onclick>PlayMedia(&quot;plugin://plugin.video.twilight/?mode=clear_all_cache&amp;isFolder=false&amp;iconImage=https%3A%2F%2Fi.imgur.com%2FRDNxy36.png&quot;)</onclick>
						<visible>System.ShowExitButton</visible>
					</item>
					<item>
						<!-- Clear DarkSubs Cache  -->
						<label>[B][COLOR blue]$LOCALIZE[700034][/COLOR][/B]</label>
						<onclick>RunScript(special://home/addons/service.subtitles.All_Subs/resources/modules/clean_cache_functions.py, clean_all_cache)</onclick>
						<visible>System.ShowExitButton</visible>
					</item>
					<item>
						<!-- Build Switch Skin  -->
						<label>[B][COLOR blue]$LOCALIZE[700039][/COLOR][/B]</label>
						<onclick>Dialog.Close(all)</onclick>
						<onclick>PlayMedia(&quot;plugin://plugin.program.kodirealdebridisraelwizard/?mode=install&amp;action=build_switch_skin&quot;)</onclick>
						<visible>System.ShowExitButton</visible>
					</item>
					<item>
						<!-- KODI ANDORID/WINDOWS Update Check -->
						<label>[B][COLOR blue]$LOCALIZE[700044][/COLOR][/B]</label>
						<onclick>Dialog.Close(all)</onclick>
						<onclick>PlayMedia(&quot;plugin://plugin.program.kodirealdebridisraelwizard/?mode=install&amp;action=kodi_version_update_check&amp;kodi_version_update_check_manual=true&quot;)</onclick>
						<!-- Android/Windows only -->
						<visible>System.Platform.Android | System.Platform.Windows</visible>
						<visible>System.ShowExitButton</visible>
					</item>
					<!-- ##################### -->
				</content>
			</control>
		</control>
	</controls>
</window>
