<addon id="plugin.video.twilight" name="Twilight" provider-name="Twilight" version="3.2.19">
    <requires>
        <import addon="xbmc.python" version="3.0.0"/>
        <import addon="script.module.requests" version="2.19.1"/>
    </requires>
    <extension library="resources/lib/twilight.py" point="xbmc.python.pluginsource">
        <provides>video</provides>
    </extension>
    <extension library="resources/lib/service.py" point="xbmc.service"/>
    <extension library="resources/lib/" point="xbmc.python.module"/>
    <extension point="xbmc.addon.metadata">
        <reuselanguageinvoker>true</reuselanguageinvoker>
        <summary lang="en">Kodi + Real Debrid Israel Build Add-on for Real Debrid sources.</summary>
        <description lang="en">This add-on is intended for advanced Kodi users only. You must own the content of any media you play through this addon.</description>
        <platform>all</platform>
		<disclaimer lang="en">The author of this addon does not host any of the content which is found and has no affiliation with any of the content providers.</disclaimer>
        <license>GNU GENERAL PUBLIC LICENSE. Version 3, 29 June 2007</license>
        <assets>
            <icon>resources/media/twilight_icon.png</icon>
            <fanart>resources/media/twilight_fanart.png</fanart>
        </assets>
        <news>INFO: For latest changes see Changelog within Tools of add-on.</news>
    </extension>
</addon>