<?xml version="1.0" encoding="UTF-8"?>
<window type="dialog" id="1107">
	<defaultcontrol>9000</defaultcontrol>
	<include>Animation_DialogPopupOpenClose</include>
	<controls>
		<control type="group">
			<centerleft>50%</centerleft>
			<width>600</width>
			<centertop>60%</centertop>
			<height>700</height>
			<include content="DialogBackgroundCommons">
				<param name="width" value="600" />
				<param name="height" value="485" />
				<param name="header_label" value="$LOCALIZE[137]" />
				<param name="header_id" value="" />
				<param name="diffusetexture" value="masks/dialog-bg-squareish.png" />
			</include>
			<control type="panel" id="9000">
				<include>ButtonMenuList</include>
				<content>
					<item>
						<label>[COLOR blue][B]$LOCALIZE[70001][/B][/COLOR]</label>
						<onclick>Dialog.Close(all)</onclick>
						<onclick>ActivateWindow(Videos,"plugin://plugin.video.twilight/?mode=history.search&amp;action=movie&amp;iconImage=https%3A%2F%2Fi.imgur.com%2Fu8jgyN3.png",return)</onclick>
					</item>
					<item>
						<label>[COLOR blue][B]$LOCALIZE[70002][/B][/COLOR]</label>
						<onclick>Dialog.Close(all)</onclick>
						<onclick>ActivateWindow(Videos,"plugin://plugin.video.twilight/?mode=history.search&amp;action=tvshow&amp;iconImage=https%3A%2F%2Fi.imgur.com%2FxYTdX3O.png",return)</onclick>
					</item>
					<item>
						<label>[COLOR blue][B]$LOCALIZE[70003][/B][/COLOR]</label>
						<onclick>Dialog.Close(all)</onclick>
						<onclick>ActivateWindow(10025,&quot;plugin://plugin.video.twilight/?external_list_item=True&amp;iconImage=folder&amp;mode=navigator.build_shortcut_folder_list&amp;name=%d7%97%d7%99%d7%a4%d7%95%d7%a9%20%d7%9c%d7%a4%d7%99%20%d7%a9%d7%a0%d7%94&amp;shortcut_folder=True&quot;,return)</onclick>
					</item>
					<item>
						<label>[COLOR blue][B]$LOCALIZE[70004][/B][/COLOR]</label>
						<onclick>Dialog.Close(all)</onclick>
						<onclick>ActivateWindow(Videos,"plugin://plugin.video.twilight/?mode=history.search&amp;action=people&amp;iconImage=https%3A%2F%2Fi.imgur.com%2FF1EZyWz.png",return)</onclick>
					</item>
					<item>
						<label>[COLOR blue][B]$LOCALIZE[70005][/B][/COLOR]</label>
						<onclick>Dialog.Close(all)</onclick>
						<onclick>ActivateWindow(Videos,"plugin://plugin.video.twilight/?mode=history.search&amp;action=tmdb_movie_sets&amp;iconImage=https%3A%2F%2Fi.imgur.com%2Fr0ITv0C.png",return)</onclick>
					</item>
					<item>
						<label>[COLOR blue][B]$LOCALIZE[70006][/B][/COLOR]</label>
						<onclick>Dialog.Close(all)</onclick>
						<onclick>PlayMedia("plugin://plugin.video.twilight/?mode=get_search_term&amp;search_type=trakt_lists&amp;isFolder=false&amp;iconImage=https%3A%2F%2Fi.imgur.com%2FxihFNwP.png",return)</onclick>
					</item>
				</content>
			</control>
			<include content="UpDownArrows">
				<param name="container_id" value="9000" />
				<param name="posx" value="276" />
				<param name="up_posy" value="-40" />
				<param name="down_posy" value="500" />
			</include>
		</control>
	</controls>
</window>