<?xml version="1.0" encoding="UTF-8"?>
<window>
    <coordinates>
        <left>400</left>
        <top>250</top>
    </coordinates>
    <controls>
        <control type="group">
            <control type="image">
                <left>0</left>
                <top>0</top>
                <width>1120</width>
                <height>600</height>
                <texture border="2">Background/ContentPanel.png</texture>
            </control>
            <control type="image" id="101">
                <left>10</left>
                <top>10</top>
                <width>1100</width>
                <height>580</height>
            </control>
            <control type="label" id="102">
                <description>header label</description>
                <posx>350</posx>
                <posy>35</posy>
                <width>950</width>
                <height>40</height>
                <font>font15</font>
                <label></label>
                <align>center</align>
                <aligny>center</aligny>
            </control>
            <control type="image" id="103">
                <left>60</left>
                <top>30</top>
                <width>400</width>
                <height>300</height>
                <aspectratio aligny="center" align="center">keep</aspectratio>
            </control>
            <control type="rd_textbox" id="104">
                <left>500</left>
                <top>100</top>
                <width>575</width>
                <height>300</height>
                <font>font13</font>
                <align>right</align>
                <aligny>top</aligny>
                <pagecontrol>105</pagecontrol>
                <onup>105</onup>
                <ondown>105</ondown>
                <onleft>105</onleft>
                <onright>105</onright>
            </control>
            <control type="trakt_textbox" id="108">
                <left>500</left>
                <top>500</top>
                <width>575</width>
                <height>300</height>
                <font>font13</font>
                <align>right</align>
                <aligny>top</aligny>
                <pagecontrol>105</pagecontrol>
                <onup>105</onup>
                <ondown>105</ondown>
                <onleft>105</onleft>
                <onright>105</onright>
            </control>
            <control type="scrollbar" id="105">
                <left>1095</left>
                <top>70</top>
                <width>30</width>
                <height>300</height>
                <subtype>text</subtype>
                <visible>true</visible>
                <texturesliderbackground>Button/scrollbar-V-background.png</texturesliderbackground>
                <texturesliderbar>Button/scrollbar-V.png</texturesliderbar>
                <texturesliderbarfocus colordiffuse="FF12B2E7">Button/scrollbar-V-focus.png</texturesliderbarfocus>
                <orientation>vertical</orientation>
                <showonepage>true</showonepage>
                <onup>104</onup>
                <ondown>104</ondown>
                <onleft>104</onleft>
                <onright>104</onright>
            </control>
			<control type="button" id="106">
                <left>630</left>
                <top>230</top>
                <width>260</width>
                <height>100</height>
                <font>font13</font>
                <textcolor>FFF0F0F0</textcolor>
                <label>Real Debrid</label>
                <align>center</align>
                <aligny>center</aligny>
                <texturefocus colordiffuse="FF12B2E7">Button/testbuttonfo.png</texturefocus>
                <texturenofocus>Button/testbuttonnf.png</texturenofocus>
            </control>
			<control type="button" id="107">
                <left>350</left>
                <top>230</top>
                <width>260</width>
                <height>100</height>
                <font>font10</font>
                <textcolor>FFF0F0F0</textcolor>
                <label>TRAKT</label>
                <align>center</align>
                <aligny>center</aligny>
                <texturefocus colordiffuse="FF12B2E7">Button/testbuttonfo.png</texturefocus>
                <texturenofocus>Button/testbuttonnf.png</texturenofocus>
            </control>
        </control>
    </controls>
</window>
