<?xml version="1.0" encoding="UTF-8" standalone="yes"?>
<addon id="service.subtitles.All_Subs" name="DarkSubs" version="4.5.0" provider-name="Sbs">
  <requires>
    <import addon="script.module.requests" version="2.9.1" />
    <import addon="script.module.chardet" />
  </requires>
  <extension point="xbmc.subtitle.module" library="start.py"  start="startup"></extension>
  <extension point="xbmc.service" library="autosub.py"/>
  <extension point="xbmc.addon.metadata">
    <reuselanguageinvoker>true</reuselanguageinvoker>
    <summary lang="en">Collect Subs From sites</summary>
    <description lang="en">Ktuvit, Wizdom, OpenSubtitles, SubDL, BSPlayer</description>
    <assets>
            <icon>icon.png</icon>
            <fanart>fanart.png</fanart>
    </assets>
    <language>en</language>
    <license>GNU GENERAL PUBLIC LICENSE. Version 2, June 1991</license>
  </extension>
  <extension point="kodi.context.item" library="check_sub.py">
        <item>
            <label>[COLOR yellow][B]חפש כתוביות (DarkSubs)[/B][/COLOR]</label>
            <visible>true</visible>
        </item>
    </extension>
</addon>