<?xml version="1.0" encoding="UTF-8"?>
<includes>
	<include name="View_55_WideList">
		<param name="bottom_offset">list_bottom_offset</param>
		<definition>
		
		<!-- KODI-RD-IL ADDITION -->
		<control type="group">
		<top>-980</top>
		<left>800</left>
		<include>Visible_Right</include>
		<include>OpenClose_Right</include>
			<visible>Control.IsVisible(55) + Container.Content(episodes)</visible>
			<include content="NextPreviousIndicator">
				<param name="indicator">HasNext</param>
				<param name="flipy">false</param>
					<include content="NextPreviousIndicator">
						<param name="indicator">HasPrevious</param>
						<param name="flipy">true</param>
					</include>
			</include>
		</control>
		<!-- ##################### -->
		
			<control type="group">
				<include>OpenClose_Right</include>
				<visible>Control.IsVisible(55)</visible>
				<include>Visible_Right</include>
				<control type="fixedlist" id="55">
					<left>594</left>
					<top>list_top_offset</top>			
					<bottom>$PARAM[bottom_offset]</bottom>
					<right>25</right>
					<height>83%</height>
					<scrolltime tween="cubic" easing="out">500</scrolltime>
					<orientation>vertical</orientation>
					<pagecontrol>531</pagecontrol>
					<movement>7</movement>
					<focusposition>6</focusposition>
					<onleft>9000</onleft>
					<onright>531</onright>
					<onup>55</onup>
					<ondown>55</ondown>
					<viewtype label="$LOCALIZE[31107]">list</viewtype>
					<focusedlayout height="85" condition="Container.Content(tvshows) | Container.Content(seasons) | Container.Content(episodes) | Container.Content(movies) | Container.Content(musicvideos) | Container.Content(videos) | Container.Content(games) | Window.IsActive(videoplaylist) | Window.IsActive(musicplaylist)">
						<control type="image">
							<left>35</left>
							<centertop>50%</centertop>
							<width>37</width>
							<height>37</height>
							<texture>$VAR[ListWatchedIconVar]</texture>
						</control>
						<control type="label">
							<left>105</left>
							<top>0</top>
							<bottom>0</bottom>
							<right>260</right>
							<aligny>center</aligny>
							<scroll>true</scroll>
							<!-- KODI-RD-IL CHANGES -->
							<scrollspeed>20</scrollspeed>
							<font>font52_title</font>
							<label>$VAR[ListLabelVar]</label>
							<shadowcolor>text_shadow</shadowcolor>
						</control>
						<control type="label">
							<left>105</left>
							<top>0</top>
							<bottom>0</bottom>
							<right>40</right>
							<align>right</align>
							<aligny>center</aligny>
							<font>font32_title</font>
							<label>$INFO[ListItem.Rating]</label>
							<visible>!String.IsEqual(ListItem.DBtype,tvshow) + !String.IsEqual(ListItem.DbType,season)</visible>
							<shadowcolor>text_shadow</shadowcolor>
						</control>
						<control type="label">
							<left>105</left>
							<top>0</top>
							<bottom>0</bottom>
							<right>40</right>
							<align>right</align>
							<aligny>center</aligny>
							<font>font32_title</font>
							<label>$INFO[ListItem.Property(WatchedEpisodes)]$INFO[ListItem.Property(TotalEpisodes), / ,]</label>
							<visible>String.IsEqual(ListItem.DBtype,season)</visible>
							<shadowcolor>text_shadow</shadowcolor>
						</control>
						<control type="group">
							<visible>String.IsEqual(ListItem.DBtype,tvshow)</visible>
							<control type="label">
								<width>180</width>
								<top>0</top>
								<bottom>0</bottom>
								<right>136</right>
								<align>right</align>
								<aligny>center</aligny>
								<font>font32_title</font>
								<label>$INFO[ListItem.Property(WatchedEpisodes)]$INFO[ListItem.Property(TotalEpisodes), / ,]</label>
							</control>
							<control type="label">
								<width>120</width>
								<top>0</top>
								<bottom>0</bottom>
								<right>40</right>
								<align>right</align>
								<aligny>center</aligny>
								<font>font32_title</font>
								<label>  •  $INFO[ListItem.Rating]</label>
							</control>
							<shadowcolor>text_shadow</shadowcolor>
						</control>
					</focusedlayout>
					<itemlayout height="list_item_height" condition="Container.Content(tvshows) | Container.Content(seasons) | Container.Content(episodes) | Container.Content(movies) | Container.Content(musicvideos) | Container.Content(videos) | Container.Content(games) | Window.IsActive(videoplaylist) | Window.IsActive(musicplaylist)">
						<control type="image">
							<left>35</left>
							<centertop>50%</centertop>
							<width>37</width>
							<height>37</height>
							<texture colordiffuse="grey">$VAR[ListWatchedIconVar]</texture>
						</control>
						<control type="label">
							<left>105</left>
							<top>0</top>
							<bottom>0</bottom>
							<right>40</right>
							<aligny>center</aligny>
							<font>font32</font>
							<textcolor>unfocused_text</textcolor>
							<label>$VAR[ListLabelVar]</label>
							<shadowcolor>text_shadow</shadowcolor>
						</control>
						<control type="label">
							<left>105</left>
							<top>0</top>
							<bottom>0</bottom>
							<right>40</right>
							<align>right</align>
							<aligny>center</aligny>
							<font>font32</font>
							<textcolor>unfocused_text</textcolor>
							<label>$INFO[ListItem.Rating]</label>
							<visible>!String.IsEqual(ListItem.DBtype,tvshow) + !String.IsEqual(ListItem.DbType,season)</visible>
							<shadowcolor>text_shadow</shadowcolor>
						</control>
						<control type="label">
							<left>105</left>
							<top>0</top>
							<bottom>0</bottom>
							<right>40</right>
							<align>right</align>
							<aligny>center</aligny>
							<font>font32</font>
							<textcolor>unfocused_text</textcolor>
							<label>$INFO[ListItem.Property(WatchedEpisodes)]$INFO[ListItem.Property(TotalEpisodes), / ,]</label>
							<visible>String.IsEqual(ListItem.DBtype,season)</visible>
							<shadowcolor>text_shadow</shadowcolor>
						</control>
					<control type="group">
						<visible>String.IsEqual(ListItem.DBtype,tvshow)</visible>
							<control type="label">
								<width>180</width>
								<top>0</top>
								<bottom>0</bottom>
								<right>125</right>
								<align>right</align>
								<aligny>center</aligny>
								<textcolor>unfocused_text</textcolor>
								<label>$INFO[ListItem.Property(WatchedEpisodes)]$INFO[ListItem.Property(TotalEpisodes), / ,]</label>
							</control>
							<control type="label">
								<width>100</width>
								<top>0</top>
								<bottom>0</bottom>
								<right>40</right>
								<align>right</align>
								<aligny>center</aligny>
								<textcolor>unfocused_text</textcolor>
								<label>  •  $INFO[ListItem.Rating]</label>
							</control>
							<shadowcolor>text_shadow</shadowcolor>
						</control>
					</itemlayout>
					<focusedlayout height="85" condition="!Container.Content(songs) + !Container.Content(addons) + !Container.Content(playlists) + !Container.Content() + !Container.Content(tvshows) + !Container.Content(seasons) + !Container.Content(episodes) + !Container.Content(movies) + !Container.Content(musicvideos) + !Container.Content(videos)+ !Container.Content(favourites)">
						<control type="image">
							<left>35</left>
							<centertop>50%</centertop>
							<width>32</width>
							<height>32</height>
							<texture>$VAR[ListWatchedIconVar]</texture>
						</control>
						<control type="label">
							<left>105</left>
							<top>0</top>
							<bottom>0</bottom>
							<right>40</right>
							<aligny>center</aligny>
							<scroll>true</scroll>
							<font>font52_title</font>
							<label>$INFO[ListItem.Label]</label>
							<shadowcolor>text_shadow</shadowcolor>
						</control>
						<control type="label">
							<left>105</left>
							<top>0</top>
							<bottom>0</bottom>
							<right>40</right>
							<align>right</align>
							<aligny>center</aligny>
							<label>$VAR[ListLabel2Var]</label>
							<shadowcolor>text_shadow</shadowcolor>
						</control>
					</focusedlayout>
					<itemlayout height="list_item_height" condition="!Container.Content(songs) + !Container.Content(addons) + !Container.Content(playlists) + !Container.Content() + !Container.Content(tvshows) + !Container.Content(seasons) + !Container.Content(episodes) + !Container.Content(movies) + !Container.Content(musicvideos) + !Container.Content(videos) + !Container.Content(favourites)">
						<control type="image">
							<left>35</left>
							<centertop>50%</centertop>
							<width>32</width>
							<height>32</height>
							<texture colordiffuse="grey">$VAR[ListWatchedIconVar]</texture>
						</control>
						<control type="label">
							<left>105</left>
							<top>0</top>
							<bottom>0</bottom>
							<right>40</right>
							<aligny>center</aligny>
							<font>font32</font>
							<textcolor>unfocused_text</textcolor>
							<label>$VAR[ListLabelVar]</label>
							<shadowcolor>text_shadow</shadowcolor>
						</control>
						<control type="label">
							<left>105</left>
							<top>0</top>
							<bottom>0</bottom>
							<right>40</right>
							<align>right</align>
							<aligny>center</aligny>
							<font>font32</font>
							<textcolor>unfocused_text</textcolor>
							<label>$VAR[ListLabel2Var]</label>
							<shadowcolor>text_shadow</shadowcolor>
						</control>
					</itemlayout>
					<focusedlayout height="85" top="200" condition="Container.Content(playlists) | Container.Content(favourites) | Container.Content()">
						<control type="image">
							<left>20</left>
							<centertop>50%</centertop>
							<height>60</height>
							<width>60</width>
							<bottom>10</bottom>
							<aspectratio>keep</aspectratio>
							<texture>$INFO[ListItem.Icon]</texture>
						</control>
						<control type="label">
							<left>105</left>
							<top>0</top>
							<bottom>0</bottom>
							<right>100</right>
							<aligny>center</aligny>
							<scroll>true</scroll>
							<font>font52_title</font>
							<label>$INFO[ListItem.Label]</label>
							<shadowcolor>text_shadow</shadowcolor>
						</control>
					</focusedlayout>
					<itemlayout height="list_item_height" condition="Container.Content(playlists) | Container.Content(favourites) | Container.Content()">
						<control type="image">
							<left>20</left>
							<centertop>50%</centertop>
							<height>60</height>
							<width>60</width>
							<bottom>10</bottom>
							<aspectratio>keep</aspectratio>
							<texture colordiffuse="grey">$INFO[ListItem.Icon]</texture>
						</control>
						<control type="label">
							<left>105</left>
							<top>0</top>
							<bottom>0</bottom>
							<right>100</right>
							<aligny>center</aligny>
							<textcolor>unfocused_text</textcolor>
							<label>$INFO[ListItem.Label]</label>
							<shadowcolor>text_shadow</shadowcolor>
						</control>
					</itemlayout>
					<include condition="Window.IsActive(music)">SongsListLayout</include>
					<include>AddonsListLayout</include>
				</control>
			</control>
		</definition>
	</include>
	<include name="SongsListLayout">
		<focusedlayout height="list_item_height" condition="Container.Content(songs)">
			<control type="image">
				<left>0</left>
				<right>0</right>
				<texture colordiffuse="button_focus">masks/focus-long.png</texture>
				<visible>Control.hasFocus(55)</visible>
			</control>
			<control type="label">
				<left>35</left>
				<right>40</right>
				<aligny>center</aligny>
				<scroll>true</scroll>
				<label>$VAR[ListLabelVar]</label>
				<shadowcolor>text_shadow</shadowcolor>
			</control>
			<control type="label">
				<left>35</left>
				<right>40</right>
				<align>right</align>
				<aligny>center</aligny>
				<label>$VAR[ListLabel2Var]</label>
				<shadowcolor>text_shadow</shadowcolor>
			</control>
		</focusedlayout>
		<itemlayout height="list_item_height" condition="Container.Content(songs)">
			<control type="label">
				<left>35</left>
				<right>40</right>
				<aligny>center</aligny>
				<label>$VAR[ListLabelVar]</label>
				<shadowcolor>text_shadow</shadowcolor>
			</control>
			<control type="label">
				<left>35</left>
				<right>40</right>
				<align>right</align>
				<aligny>center</aligny>
				<label>$VAR[ListLabel2Var]</label>
				<textcolor>grey</textcolor>
				<shadowcolor>text_shadow</shadowcolor>
			</control>
		</itemlayout>
	</include>
	<include name="AddonsListLayout">
		<focusedlayout height="85" condition="Container.Content(addons)">
			<control type="image">
				<left>20</left>
				<width>37</width>
				<height>37</height>
				<centertop>50%</centertop>
				<texture>$VAR[AddonsListIconVar]</texture>
			</control>
			<control type="label">
				<left>75</left>
				<right>40</right>
				<aligny>center</aligny>
				<scroll>true</scroll>
				<font>font52_title</font>
				<label>$INFO[ListItem.Label]</label>
			</control>
			<control type="label">
				<left>75</left>
				<right>90</right>
				<align>right</align>
				<aligny>center</aligny>
				<font>font32_title</font>
				<label>$VAR[AddonsLabel2Var]</label>
				<scroll>true</scroll>
			</control>
			<control type="image">
				<right>40</right>
				<centertop>50%</centertop>
				<width>37</width>
				<height>37</height>
				<texture>$VAR[AddonsOriginVar]</texture>
				<visible>!ListItem.IsFolder</visible>
			</control>
		</focusedlayout>
		<itemlayout height="list_item_height" condition="Container.Content(addons)">
			<control type="image">
				<left>20</left>
				<width>37</width>
				<height>37</height>
				<centertop>50%</centertop>
				<texture>$VAR[AddonsListIconVar]</texture>
			</control>
			<control type="label">
				<left>75</left>
				<right>40</right>
				<aligny>center</aligny>
				<textcolor>unfocused_text</textcolor>
				<label>$INFO[ListItem.Label]</label>
			</control>
			<control type="label">
				<left>75</left>
				<right>90</right>
				<align>right</align>
				<aligny>center</aligny>
				<font>font27</font>
				<label>$VAR[AddonsLabel2Var]</label>
				<textcolor>unfocused_text</textcolor>
				<shadowcolor>text_shadow</shadowcolor>
			</control>
			<control type="image">
				<right>40</right>
				<centertop>50%</centertop>
				<width>37</width>
				<height>37</height>
				<texture>$VAR[AddonsOriginVar]</texture>
				<visible>!ListItem.IsFolder</visible>
			</control>
		</itemlayout>
	</include>
</includes>
